2026-04-05 16:36:15.966 +09:00 [INF] Now listening on: http://localhost:5022
2026-04-05 16:36:15.993 +09:00 [INF] Application started. Press Ctrl+C to shut down.
2026-04-05 16:36:15.994 +09:00 [INF] Hosting environment: Development
2026-04-05 16:36:15.994 +09:00 [INF] Content root path: /Users/david/Projects/InventoryHub/InventoryHub.API
2026-04-05 16:36:43.066 +09:00 [INF] Request starting HTTP/1.1 OPTIONS http://localhost:5022/api/inventory - null null
2026-04-05 16:36:43.101 +09:00 [WRN] Failed to determine the https port for redirect.
2026-04-05 16:36:43.104 +09:00 [INF] CORS policy execution successful.
2026-04-05 16:36:43.113 +09:00 [INF] Request finished HTTP/1.1 OPTIONS http://localhost:5022/api/inventory - 204 null null 49.5188ms
2026-04-05 16:36:43.127 +09:00 [INF] Request starting HTTP/1.1 POST http://localhost:5022/api/inventory - application/json 172
2026-04-05 16:36:43.132 +09:00 [INF] CORS policy execution successful.
2026-04-05 16:36:43.140 +09:00 [INF] Executing endpoint 'InventoryHub.API.Controllers.InventoryController.Create (InventoryHub.API)'
2026-04-05 16:36:43.163 +09:00 [INF] Route matched with {action = "Create", controller = "Inventory"}. Executing controller action with signature System.Threading.Tasks.Task`1[Microsoft.AspNetCore.Mvc.ActionResult`1[InventoryHub.API.DTOs.InventoryDto]] Create(InventoryHub.API.DTOs.CreateInventoryDto) on controller InventoryHub.API.Controllers.InventoryController (InventoryHub.API).
2026-04-05 16:36:43.920 +09:00 [INF] Executing BadRequestObjectResult, writing value of type 'Microsoft.AspNetCore.Mvc.ValidationProblemDetails'.
2026-04-05 16:36:43.941 +09:00 [INF] Executed action InventoryHub.API.Controllers.InventoryController.Create (InventoryHub.API) in 776.1777ms
2026-04-05 16:36:43.942 +09:00 [INF] Executed endpoint 'InventoryHub.API.Controllers.InventoryController.Create (InventoryHub.API)'
2026-04-05 16:36:43.943 +09:00 [INF] Request finished HTTP/1.1 POST http://localhost:5022/api/inventory - 400 null application/problem+json; charset=utf-8 816.2599ms
2026-04-05 16:39:22.901 +09:00 [INF] Request starting HTTP/1.1 GET http://localhost:5022/api/categories - null null
2026-04-05 16:39:22.901 +09:00 [INF] Request starting HTTP/1.1 GET http://localhost:5022/api/suppliers - null null
2026-04-05 16:39:22.901 +09:00 [INF] Request starting HTTP/1.1 GET http://localhost:5022/api/products - null null
2026-04-05 16:39:22.974 +09:00 [INF] CORS policy execution successful.
2026-04-05 16:39:22.974 +09:00 [INF] CORS policy execution successful.
2026-04-05 16:39:22.974 +09:00 [INF] CORS policy execution successful.
2026-04-05 16:39:22.983 +09:00 [INF] Executing endpoint 'InventoryHub.API.Controllers.SuppliersController.GetAll (InventoryHub.API)'
2026-04-05 16:39:22.983 +09:00 [INF] Executing endpoint 'InventoryHub.API.Controllers.ProductsController.GetAll (InventoryHub.API)'
2026-04-05 16:39:22.983 +09:00 [INF] Executing endpoint 'InventoryHub.API.Controllers.CategoriesController.GetCategories (InventoryHub.API)'
2026-04-05 16:39:23.050 +09:00 [INF] Route matched with {action = "GetAll", controller = "Suppliers"}. Executing controller action with signature System.Threading.Tasks.Task`1[Microsoft.AspNetCore.Mvc.ActionResult`1[System.Collections.Generic.IEnumerable`1[InventoryHub.API.DTOs.SupplierDto]]] GetAll() on controller InventoryHub.API.Controllers.SuppliersController (InventoryHub.API).
2026-04-05 16:39:23.050 +09:00 [INF] Route matched with {action = "GetCategories", controller = "Categories"}. Executing controller action with signature System.Threading.Tasks.Task`1[Microsoft.AspNetCore.Mvc.ActionResult`1[System.Collections.Generic.IEnumerable`1[InventoryHub.API.DTOs.CategoryDto]]] GetCategories() on controller InventoryHub.API.Controllers.CategoriesController (InventoryHub.API).
2026-04-05 16:39:23.050 +09:00 [INF] Route matched with {action = "GetAll", controller = "Products"}. Executing controller action with signature System.Threading.Tasks.Task`1[Microsoft.AspNetCore.Mvc.ActionResult`1[System.Collections.Generic.IEnumerable`1[InventoryHub.API.DTOs.ProductDto]]] GetAll() on controller InventoryHub.API.Controllers.ProductsController (InventoryHub.API).
2026-04-05 16:39:25.563 +09:00 [INF] Executed DbCommand (25ms) [Parameters=[], CommandType='"Text"', CommandTimeout='30']
SELECT `c`.`id`, `c`.`created_at`, `c`.`is_deleted`, `c`.`name`, `c`.`updated_at`
FROM `categories` AS `c`
WHERE NOT (`c`.`is_deleted`)
ORDER BY `c`.`name`
2026-04-05 16:39:25.563 +09:00 [INF] Executed DbCommand (22ms) [Parameters=[], CommandType='"Text"', CommandTimeout='30']
SELECT `s`.`id`, `s`.`created_at`, `s`.`is_deleted`, `s`.`name`, `s`.`updated_at`
FROM `suppliers` AS `s`
WHERE NOT (`s`.`is_deleted`)
ORDER BY `s`.`name`
2026-04-05 16:39:25.563 +09:00 [INF] Executed DbCommand (25ms) [Parameters=[], CommandType='"Text"', CommandTimeout='30']
SELECT `p`.`id`, `p`.`category_id`, `p`.`created_at`, `p`.`is_deleted`, `p`.`name`, `p`.`updated_at`, `c`.`id`, `c`.`created_at`, `c`.`is_deleted`, `c`.`name`, `c`.`updated_at`
FROM `products` AS `p`
INNER JOIN `categories` AS `c` ON `p`.`category_id` = `c`.`id`
WHERE NOT (`p`.`is_deleted`)
ORDER BY `p`.`name`
2026-04-05 16:39:25.627 +09:00 [INF] Executing OkObjectResult, writing value of type 'System.Linq.Enumerable+ListSelectIterator`2[[InventoryHub.API.Models.Product, InventoryHub.API, Version=1.0.0.0, Culture=neutral, PublicKeyToken=null],[InventoryHub.API.DTOs.ProductDto, InventoryHub.API, Version=1.0.0.0, Culture=neutral, PublicKeyToken=null]]'.
2026-04-05 16:39:25.632 +09:00 [INF] Executing OkObjectResult, writing value of type 'System.Collections.Generic.List`1[[InventoryHub.API.DTOs.SupplierDto, InventoryHub.API, Version=1.0.0.0, Culture=neutral, PublicKeyToken=null]]'.
2026-04-05 16:39:25.632 +09:00 [INF] Executing OkObjectResult, writing value of type 'System.Collections.Generic.List`1[[InventoryHub.API.DTOs.CategoryDto, InventoryHub.API, Version=1.0.0.0, Culture=neutral, PublicKeyToken=null]]'.
2026-04-05 16:39:25.633 +09:00 [INF] Executed action InventoryHub.API.Controllers.ProductsController.GetAll (InventoryHub.API) in 2582.5051ms
2026-04-05 16:39:25.633 +09:00 [INF] Executed action InventoryHub.API.Controllers.CategoriesController.GetCategories (InventoryHub.API) in 2582.6942ms
2026-04-05 16:39:25.633 +09:00 [INF] Executed action InventoryHub.API.Controllers.SuppliersController.GetAll (InventoryHub.API) in 2582.7877ms
2026-04-05 16:39:25.633 +09:00 [INF] Executed endpoint 'InventoryHub.API.Controllers.CategoriesController.GetCategories (InventoryHub.API)'
2026-04-05 16:39:25.633 +09:00 [INF] Executed endpoint 'InventoryHub.API.Controllers.ProductsController.GetAll (InventoryHub.API)'
2026-04-05 16:39:25.633 +09:00 [INF] Executed endpoint 'InventoryHub.API.Controllers.SuppliersController.GetAll (InventoryHub.API)'
2026-04-05 16:39:25.636 +09:00 [INF] Request finished HTTP/1.1 GET http://localhost:5022/api/products - 200 null application/json; charset=utf-8 2747.1012ms
2026-04-05 16:39:25.636 +09:00 [INF] Request finished HTTP/1.1 GET http://localhost:5022/api/suppliers - 200 null application/json; charset=utf-8 2746.0819ms
2026-04-05 16:39:25.636 +09:00 [INF] Request finished HTTP/1.1 GET http://localhost:5022/api/categories - 200 null application/json; charset=utf-8 2745.4282ms
2026-04-05 16:39:54.956 +09:00 [INF] Application is shutting down...
2026-04-05 16:39:58.037 +09:00 [INF] Now listening on: http://localhost:5022
2026-04-05 16:39:58.064 +09:00 [INF] Application started. Press Ctrl+C to shut down.
2026-04-05 16:39:58.065 +09:00 [INF] Hosting environment: Development
2026-04-05 16:39:58.065 +09:00 [INF] Content root path: /Users/david/Projects/InventoryHub/InventoryHub.API
2026-04-05 16:40:32.499 +09:00 [INF] Request starting HTTP/1.1 OPTIONS http://localhost:5022/api/products - null null
2026-04-05 16:40:32.531 +09:00 [WRN] Failed to determine the https port for redirect.
2026-04-05 16:40:32.533 +09:00 [INF] CORS policy execution successful.
2026-04-05 16:40:32.537 +09:00 [INF] Request finished HTTP/1.1 OPTIONS http://localhost:5022/api/products - 204 null null 40.5793ms
2026-04-05 16:40:32.547 +09:00 [INF] Request starting HTTP/1.1 POST http://localhost:5022/api/products - application/json 112
2026-04-05 16:40:32.549 +09:00 [INF] CORS policy execution successful.
2026-04-05 16:40:32.551 +09:00 [INF] Executing endpoint 'InventoryHub.API.Controllers.ProductsController.Create (InventoryHub.API)'
2026-04-05 16:40:32.565 +09:00 [INF] Route matched with {action = "Create", controller = "Products"}. Executing controller action with signature System.Threading.Tasks.Task`1[Microsoft.AspNetCore.Mvc.ActionResult`1[InventoryHub.API.DTOs.ProductDto]] Create(InventoryHub.API.DTOs.CreateProductDto) on controller InventoryHub.API.Controllers.ProductsController (InventoryHub.API).
2026-04-05 16:40:33.317 +09:00 [INF] Executed DbCommand (46ms) [Parameters=[@__dto_CategoryId_0='?' (DbType = Int32)], CommandType='"Text"', CommandTimeout='30']
SELECT EXISTS (
    SELECT 1
    FROM `categories` AS `c`
    WHERE (`c`.`id` = @__dto_CategoryId_0) AND NOT (`c`.`is_deleted`))
2026-04-05 16:40:33.359 +09:00 [INF] Executed DbCommand (3ms) [Parameters=[@__dto_Name_0='?' (Size = 200)], CommandType='"Text"', CommandTimeout='30']
SELECT EXISTS (
    SELECT 1
    FROM `products` AS `p`
    WHERE (`p`.`name` = @__dto_Name_0) AND NOT (`p`.`is_deleted`))
2026-04-05 16:40:33.363 +09:00 [INF] Executing BadRequestObjectResult, writing value of type 'System.String'.
2026-04-05 16:40:33.365 +09:00 [INF] Executed action InventoryHub.API.Controllers.ProductsController.Create (InventoryHub.API) in 798.0709ms
2026-04-05 16:40:33.365 +09:00 [INF] Executed endpoint 'InventoryHub.API.Controllers.ProductsController.Create (InventoryHub.API)'
2026-04-05 16:40:33.368 +09:00 [INF] Request finished HTTP/1.1 POST http://localhost:5022/api/products - 400 null text/plain; charset=utf-8 821.161ms
2026-04-05 16:42:25.986 +09:00 [INF] Request starting HTTP/1.1 GET http://localhost:5022/api/products - null null
2026-04-05 16:42:25.987 +09:00 [INF] Request starting HTTP/1.1 GET http://localhost:5022/api/suppliers - null null
2026-04-05 16:42:25.986 +09:00 [INF] Request starting HTTP/1.1 GET http://localhost:5022/api/categories - null null
2026-04-05 16:42:26.009 +09:00 [INF] CORS policy execution successful.
2026-04-05 16:42:26.009 +09:00 [INF] CORS policy execution successful.
2026-04-05 16:42:26.009 +09:00 [INF] CORS policy execution successful.
2026-04-05 16:42:26.011 +09:00 [INF] Executing endpoint 'InventoryHub.API.Controllers.SuppliersController.GetAll (InventoryHub.API)'
2026-04-05 16:42:26.011 +09:00 [INF] Executing endpoint 'InventoryHub.API.Controllers.ProductsController.GetAll (InventoryHub.API)'
2026-04-05 16:42:26.011 +09:00 [INF] Executing endpoint 'InventoryHub.API.Controllers.CategoriesController.GetCategories (InventoryHub.API)'
2026-04-05 16:42:26.049 +09:00 [INF] Route matched with {action = "GetAll", controller = "Products"}. Executing controller action with signature System.Threading.Tasks.Task`1[Microsoft.AspNetCore.Mvc.ActionResult`1[System.Collections.Generic.IEnumerable`1[InventoryHub.API.DTOs.ProductDto]]] GetAll() on controller InventoryHub.API.Controllers.ProductsController (InventoryHub.API).
2026-04-05 16:42:26.049 +09:00 [INF] Route matched with {action = "GetAll", controller = "Suppliers"}. Executing controller action with signature System.Threading.Tasks.Task`1[Microsoft.AspNetCore.Mvc.ActionResult`1[System.Collections.Generic.IEnumerable`1[InventoryHub.API.DTOs.SupplierDto]]] GetAll() on controller InventoryHub.API.Controllers.SuppliersController (InventoryHub.API).
2026-04-05 16:42:26.049 +09:00 [INF] Route matched with {action = "GetCategories", controller = "Categories"}. Executing controller action with signature System.Threading.Tasks.Task`1[Microsoft.AspNetCore.Mvc.ActionResult`1[System.Collections.Generic.IEnumerable`1[InventoryHub.API.DTOs.CategoryDto]]] GetCategories() on controller InventoryHub.API.Controllers.CategoriesController (InventoryHub.API).
2026-04-05 16:42:26.285 +09:00 [INF] Executed DbCommand (20ms) [Parameters=[], CommandType='"Text"', CommandTimeout='30']
SELECT `s`.`id`, `s`.`created_at`, `s`.`is_deleted`, `s`.`name`, `s`.`updated_at`
FROM `suppliers` AS `s`
WHERE NOT (`s`.`is_deleted`)
ORDER BY `s`.`name`
2026-04-05 16:42:26.289 +09:00 [INF] Executed DbCommand (13ms) [Parameters=[], CommandType='"Text"', CommandTimeout='30']
SELECT `p`.`id`, `p`.`category_id`, `p`.`created_at`, `p`.`is_deleted`, `p`.`name`, `p`.`updated_at`, `c`.`id`, `c`.`created_at`, `c`.`is_deleted`, `c`.`name`, `c`.`updated_at`
FROM `products` AS `p`
INNER JOIN `categories` AS `c` ON `p`.`category_id` = `c`.`id`
WHERE NOT (`p`.`is_deleted`)
ORDER BY `p`.`name`
2026-04-05 16:42:26.289 +09:00 [INF] Executed DbCommand (13ms) [Parameters=[], CommandType='"Text"', CommandTimeout='30']
SELECT `c`.`id`, `c`.`created_at`, `c`.`is_deleted`, `c`.`name`, `c`.`updated_at`
FROM `categories` AS `c`
WHERE NOT (`c`.`is_deleted`)
ORDER BY `c`.`name`
2026-04-05 16:42:26.324 +09:00 [INF] Executing OkObjectResult, writing value of type 'System.Collections.Generic.List`1[[InventoryHub.API.DTOs.CategoryDto, InventoryHub.API, Version=1.0.0.0, Culture=neutral, PublicKeyToken=null]]'.
2026-04-05 16:42:26.324 +09:00 [INF] Executing OkObjectResult, writing value of type 'System.Linq.Enumerable+ListSelectIterator`2[[InventoryHub.API.Models.Product, InventoryHub.API, Version=1.0.0.0, Culture=neutral, PublicKeyToken=null],[InventoryHub.API.DTOs.ProductDto, InventoryHub.API, Version=1.0.0.0, Culture=neutral, PublicKeyToken=null]]'.
2026-04-05 16:42:26.324 +09:00 [INF] Executing OkObjectResult, writing value of type 'System.Collections.Generic.List`1[[InventoryHub.API.DTOs.SupplierDto, InventoryHub.API, Version=1.0.0.0, Culture=neutral, PublicKeyToken=null]]'.
2026-04-05 16:42:26.340 +09:00 [INF] Executed action InventoryHub.API.Controllers.SuppliersController.GetAll (InventoryHub.API) in 289.5565ms
2026-04-05 16:42:26.340 +09:00 [INF] Executed action InventoryHub.API.Controllers.CategoriesController.GetCategories (InventoryHub.API) in 289.4646ms
2026-04-05 16:42:26.340 +09:00 [INF] Executed action InventoryHub.API.Controllers.ProductsController.GetAll (InventoryHub.API) in 289.5566ms
2026-04-05 16:42:26.340 +09:00 [INF] Executed endpoint 'InventoryHub.API.Controllers.SuppliersController.GetAll (InventoryHub.API)'
2026-04-05 16:42:26.340 +09:00 [INF] Executed endpoint 'InventoryHub.API.Controllers.CategoriesController.GetCategories (InventoryHub.API)'
2026-04-05 16:42:26.340 +09:00 [INF] Executed endpoint 'InventoryHub.API.Controllers.ProductsController.GetAll (InventoryHub.API)'
2026-04-05 16:42:26.340 +09:00 [INF] Request finished HTTP/1.1 GET http://localhost:5022/api/products - 200 null application/json; charset=utf-8 354.7523ms
2026-04-05 16:42:26.340 +09:00 [INF] Request finished HTTP/1.1 GET http://localhost:5022/api/suppliers - 200 null application/json; charset=utf-8 354.6876ms
2026-04-05 16:42:26.341 +09:00 [INF] Request finished HTTP/1.1 GET http://localhost:5022/api/categories - 200 null application/json; charset=utf-8 354.7555ms
2026-04-05 16:42:56.675 +09:00 [INF] Request starting HTTP/1.1 OPTIONS http://localhost:5022/api/inventory - null null
2026-04-05 16:42:56.678 +09:00 [INF] CORS policy execution successful.
2026-04-05 16:42:56.680 +09:00 [INF] Request finished HTTP/1.1 OPTIONS http://localhost:5022/api/inventory - 204 null null 4.9284ms
2026-04-05 16:42:56.683 +09:00 [INF] Request starting HTTP/1.1 POST http://localhost:5022/api/inventory - application/json 179
2026-04-05 16:42:56.684 +09:00 [INF] CORS policy execution successful.
2026-04-05 16:42:56.684 +09:00 [INF] Executing endpoint 'InventoryHub.API.Controllers.InventoryController.Create (InventoryHub.API)'
2026-04-05 16:42:56.691 +09:00 [INF] Route matched with {action = "Create", controller = "Inventory"}. Executing controller action with signature System.Threading.Tasks.Task`1[Microsoft.AspNetCore.Mvc.ActionResult`1[InventoryHub.API.DTOs.InventoryDto]] Create(InventoryHub.API.DTOs.CreateInventoryDto) on controller InventoryHub.API.Controllers.InventoryController (InventoryHub.API).
2026-04-05 16:42:56.782 +09:00 [INF] Executed DbCommand (2ms) [Parameters=[@__dto_ProductId_0='?' (DbType = Int32)], CommandType='"Text"', CommandTimeout='30']
SELECT EXISTS (
    SELECT 1
    FROM `products` AS `p`
    WHERE (`p`.`id` = @__dto_ProductId_0) AND NOT (`p`.`is_deleted`))
2026-04-05 16:42:56.887 +09:00 [INF] Executed DbCommand (31ms) [Parameters=[@p0='?' (DbType = DateTime), @p1='?' (DbType = Decimal), @p2='?' (DbType = Decimal), @p3='?' (DbType = Int32), @p4='?' (DbType = DateTime), @p5='?' (Size = 100), @p6='?' (DbType = Int32), @p7='?' (DbType = Int32), @p8='?' (DbType = Int32), @p9='?' (DbType = DateTime)], CommandType='"Text"', CommandTimeout='30']
INSERT INTO `inventory` (`created_at`, `price_cny`, `price_jpy`, `product_id`, `purchase_date`, `purchase_no`, `purchase_quantity`, `stock_quantity`, `supplier_id`, `updated_at`)
VALUES (@p0, @p1, @p2, @p3, @p4, @p5, @p6, @p7, @p8, @p9);
SELECT `id`, `is_deleted`
FROM `inventory`
WHERE ROW_COUNT() = 1 AND `id` = LAST_INSERT_ID();
2026-04-05 16:42:56.925 +09:00 [INF] Executed DbCommand (2ms) [Parameters=[@__id_0='?' (DbType = Int32)], CommandType='"Text"', CommandTimeout='30']
SELECT `i`.`id`, `i`.`created_at`, `i`.`is_deleted`, `i`.`price_cny`, `i`.`price_jpy`, `i`.`product_id`, `i`.`purchase_date`, `i`.`purchase_no`, `i`.`purchase_quantity`, `i`.`stock_quantity`, `i`.`supplier_id`, `i`.`updated_at`, `p`.`id`, `p`.`category_id`, `p`.`created_at`, `p`.`is_deleted`, `p`.`name`, `p`.`updated_at`, `c`.`id`, `c`.`created_at`, `c`.`is_deleted`, `c`.`name`, `c`.`updated_at`
FROM `inventory` AS `i`
INNER JOIN `products` AS `p` ON `i`.`product_id` = `p`.`id`
INNER JOIN `categories` AS `c` ON `p`.`category_id` = `c`.`id`
WHERE (`i`.`id` = @__id_0) AND NOT (`i`.`is_deleted`)
LIMIT 1
2026-04-05 16:42:56.965 +09:00 [INF] Executed DbCommand (36ms) [Parameters=[@__id_0='?' (DbType = Int32)], CommandType='"Text"', CommandTimeout='30']
SELECT EXISTS (
    SELECT 1
    FROM `order_details` AS `o`
    WHERE (`o`.`inventory_id` = @__id_0) AND NOT (`o`.`is_deleted`))
2026-04-05 16:42:56.966 +09:00 [INF] Executing CreatedAtActionResult, writing value of type 'InventoryHub.API.DTOs.InventoryDto'.
2026-04-05 16:42:56.988 +09:00 [INF] Executed action InventoryHub.API.Controllers.InventoryController.Create (InventoryHub.API) in 296.8744ms
2026-04-05 16:42:56.988 +09:00 [INF] Executed endpoint 'InventoryHub.API.Controllers.InventoryController.Create (InventoryHub.API)'
2026-04-05 16:42:56.988 +09:00 [INF] Request finished HTTP/1.1 POST http://localhost:5022/api/inventory - 201 null application/json; charset=utf-8 305.4467ms
2026-04-05 16:42:59.579 +09:00 [INF] Request starting HTTP/1.1 POST http://localhost:5022/api/inventory - application/json 179
2026-04-05 16:42:59.579 +09:00 [INF] CORS policy execution successful.
2026-04-05 16:42:59.579 +09:00 [INF] Executing endpoint 'InventoryHub.API.Controllers.InventoryController.Create (InventoryHub.API)'
2026-04-05 16:42:59.581 +09:00 [INF] Route matched with {action = "Create", controller = "Inventory"}. Executing controller action with signature System.Threading.Tasks.Task`1[Microsoft.AspNetCore.Mvc.ActionResult`1[InventoryHub.API.DTOs.InventoryDto]] Create(InventoryHub.API.DTOs.CreateInventoryDto) on controller InventoryHub.API.Controllers.InventoryController (InventoryHub.API).
2026-04-05 16:42:59.605 +09:00 [INF] Executed DbCommand (0ms) [Parameters=[@__dto_ProductId_0='?' (DbType = Int32)], CommandType='"Text"', CommandTimeout='30']
SELECT EXISTS (
    SELECT 1
    FROM `products` AS `p`
    WHERE (`p`.`id` = @__dto_ProductId_0) AND NOT (`p`.`is_deleted`))
2026-04-05 16:42:59.609 +09:00 [INF] Executed DbCommand (1ms) [Parameters=[@p0='?' (DbType = DateTime), @p1='?' (DbType = Decimal), @p2='?' (DbType = Decimal), @p3='?' (DbType = Int32), @p4='?' (DbType = DateTime), @p5='?' (Size = 100), @p6='?' (DbType = Int32), @p7='?' (DbType = Int32), @p8='?' (DbType = Int32), @p9='?' (DbType = DateTime)], CommandType='"Text"', CommandTimeout='30']
INSERT INTO `inventory` (`created_at`, `price_cny`, `price_jpy`, `product_id`, `purchase_date`, `purchase_no`, `purchase_quantity`, `stock_quantity`, `supplier_id`, `updated_at`)
VALUES (@p0, @p1, @p2, @p3, @p4, @p5, @p6, @p7, @p8, @p9);
SELECT `id`, `is_deleted`
FROM `inventory`
WHERE ROW_COUNT() = 1 AND `id` = LAST_INSERT_ID();
2026-04-05 16:42:59.612 +09:00 [INF] Executed DbCommand (0ms) [Parameters=[@__id_0='?' (DbType = Int32)], CommandType='"Text"', CommandTimeout='30']
SELECT `i`.`id`, `i`.`created_at`, `i`.`is_deleted`, `i`.`price_cny`, `i`.`price_jpy`, `i`.`product_id`, `i`.`purchase_date`, `i`.`purchase_no`, `i`.`purchase_quantity`, `i`.`stock_quantity`, `i`.`supplier_id`, `i`.`updated_at`, `p`.`id`, `p`.`category_id`, `p`.`created_at`, `p`.`is_deleted`, `p`.`name`, `p`.`updated_at`, `c`.`id`, `c`.`created_at`, `c`.`is_deleted`, `c`.`name`, `c`.`updated_at`
FROM `inventory` AS `i`
INNER JOIN `products` AS `p` ON `i`.`product_id` = `p`.`id`
INNER JOIN `categories` AS `c` ON `p`.`category_id` = `c`.`id`
WHERE (`i`.`id` = @__id_0) AND NOT (`i`.`is_deleted`)
LIMIT 1
2026-04-05 16:42:59.614 +09:00 [INF] Executed DbCommand (1ms) [Parameters=[@__id_0='?' (DbType = Int32)], CommandType='"Text"', CommandTimeout='30']
SELECT EXISTS (
    SELECT 1
    FROM `order_details` AS `o`
    WHERE (`o`.`inventory_id` = @__id_0) AND NOT (`o`.`is_deleted`))
2026-04-05 16:42:59.614 +09:00 [INF] Executing CreatedAtActionResult, writing value of type 'InventoryHub.API.DTOs.InventoryDto'.
2026-04-05 16:42:59.614 +09:00 [INF] Executed action InventoryHub.API.Controllers.InventoryController.Create (InventoryHub.API) in 33.3155ms
2026-04-05 16:42:59.614 +09:00 [INF] Executed endpoint 'InventoryHub.API.Controllers.InventoryController.Create (InventoryHub.API)'
2026-04-05 16:42:59.614 +09:00 [INF] Request finished HTTP/1.1 POST http://localhost:5022/api/inventory - 201 null application/json; charset=utf-8 35.7189ms
2026-04-05 16:43:01.174 +09:00 [INF] Request starting HTTP/1.1 POST http://localhost:5022/api/inventory - application/json 179
2026-04-05 16:43:01.175 +09:00 [INF] CORS policy execution successful.
2026-04-05 16:43:01.175 +09:00 [INF] Executing endpoint 'InventoryHub.API.Controllers.InventoryController.Create (InventoryHub.API)'
2026-04-05 16:43:01.175 +09:00 [INF] Route matched with {action = "Create", controller = "Inventory"}. Executing controller action with signature System.Threading.Tasks.Task`1[Microsoft.AspNetCore.Mvc.ActionResult`1[InventoryHub.API.DTOs.InventoryDto]] Create(InventoryHub.API.DTOs.CreateInventoryDto) on controller InventoryHub.API.Controllers.InventoryController (InventoryHub.API).
2026-04-05 16:43:01.200 +09:00 [INF] Executed DbCommand (0ms) [Parameters=[@__dto_ProductId_0='?' (DbType = Int32)], CommandType='"Text"', CommandTimeout='30']
SELECT EXISTS (
    SELECT 1
    FROM `products` AS `p`
    WHERE (`p`.`id` = @__dto_ProductId_0) AND NOT (`p`.`is_deleted`))
2026-04-05 16:43:01.202 +09:00 [INF] Executed DbCommand (1ms) [Parameters=[@p0='?' (DbType = DateTime), @p1='?' (DbType = Decimal), @p2='?' (DbType = Decimal), @p3='?' (DbType = Int32), @p4='?' (DbType = DateTime), @p5='?' (Size = 100), @p6='?' (DbType = Int32), @p7='?' (DbType = Int32), @p8='?' (DbType = Int32), @p9='?' (DbType = DateTime)], CommandType='"Text"', CommandTimeout='30']
INSERT INTO `inventory` (`created_at`, `price_cny`, `price_jpy`, `product_id`, `purchase_date`, `purchase_no`, `purchase_quantity`, `stock_quantity`, `supplier_id`, `updated_at`)
VALUES (@p0, @p1, @p2, @p3, @p4, @p5, @p6, @p7, @p8, @p9);
SELECT `id`, `is_deleted`
FROM `inventory`
WHERE ROW_COUNT() = 1 AND `id` = LAST_INSERT_ID();
2026-04-05 16:43:01.204 +09:00 [INF] Executed DbCommand (0ms) [Parameters=[@__id_0='?' (DbType = Int32)], CommandType='"Text"', CommandTimeout='30']
SELECT `i`.`id`, `i`.`created_at`, `i`.`is_deleted`, `i`.`price_cny`, `i`.`price_jpy`, `i`.`product_id`, `i`.`purchase_date`, `i`.`purchase_no`, `i`.`purchase_quantity`, `i`.`stock_quantity`, `i`.`supplier_id`, `i`.`updated_at`, `p`.`id`, `p`.`category_id`, `p`.`created_at`, `p`.`is_deleted`, `p`.`name`, `p`.`updated_at`, `c`.`id`, `c`.`created_at`, `c`.`is_deleted`, `c`.`name`, `c`.`updated_at`
FROM `inventory` AS `i`
INNER JOIN `products` AS `p` ON `i`.`product_id` = `p`.`id`
INNER JOIN `categories` AS `c` ON `p`.`category_id` = `c`.`id`
WHERE (`i`.`id` = @__id_0) AND NOT (`i`.`is_deleted`)
LIMIT 1
2026-04-05 16:43:01.205 +09:00 [INF] Executed DbCommand (0ms) [Parameters=[@__id_0='?' (DbType = Int32)], CommandType='"Text"', CommandTimeout='30']
SELECT EXISTS (
    SELECT 1
    FROM `order_details` AS `o`
    WHERE (`o`.`inventory_id` = @__id_0) AND NOT (`o`.`is_deleted`))
2026-04-05 16:43:01.205 +09:00 [INF] Executing CreatedAtActionResult, writing value of type 'InventoryHub.API.DTOs.InventoryDto'.
2026-04-05 16:43:01.206 +09:00 [INF] Executed action InventoryHub.API.Controllers.InventoryController.Create (InventoryHub.API) in 30.3983ms
2026-04-05 16:43:01.206 +09:00 [INF] Executed endpoint 'InventoryHub.API.Controllers.InventoryController.Create (InventoryHub.API)'
2026-04-05 16:43:01.206 +09:00 [INF] Request finished HTTP/1.1 POST http://localhost:5022/api/inventory - 201 null application/json; charset=utf-8 31.8705ms
2026-04-05 16:43:03.008 +09:00 [INF] Request starting HTTP/1.1 OPTIONS http://localhost:5022/api/inventory - null null
2026-04-05 16:43:03.009 +09:00 [INF] CORS policy execution successful.
2026-04-05 16:43:03.009 +09:00 [INF] Request finished HTTP/1.1 OPTIONS http://localhost:5022/api/inventory - 204 null null 0.7126ms
2026-04-05 16:43:03.013 +09:00 [INF] Request starting HTTP/1.1 POST http://localhost:5022/api/inventory - application/json 179
2026-04-05 16:43:03.014 +09:00 [INF] CORS policy execution successful.
2026-04-05 16:43:03.014 +09:00 [INF] Executing endpoint 'InventoryHub.API.Controllers.InventoryController.Create (InventoryHub.API)'
2026-04-05 16:43:03.014 +09:00 [INF] Route matched with {action = "Create", controller = "Inventory"}. Executing controller action with signature System.Threading.Tasks.Task`1[Microsoft.AspNetCore.Mvc.ActionResult`1[InventoryHub.API.DTOs.InventoryDto]] Create(InventoryHub.API.DTOs.CreateInventoryDto) on controller InventoryHub.API.Controllers.InventoryController (InventoryHub.API).
2026-04-05 16:43:03.032 +09:00 [INF] Executed DbCommand (0ms) [Parameters=[@__dto_ProductId_0='?' (DbType = Int32)], CommandType='"Text"', CommandTimeout='30']
SELECT EXISTS (
    SELECT 1
    FROM `products` AS `p`
    WHERE (`p`.`id` = @__dto_ProductId_0) AND NOT (`p`.`is_deleted`))
2026-04-05 16:43:03.034 +09:00 [INF] Executed DbCommand (1ms) [Parameters=[@p0='?' (DbType = DateTime), @p1='?' (DbType = Decimal), @p2='?' (DbType = Decimal), @p3='?' (DbType = Int32), @p4='?' (DbType = DateTime), @p5='?' (Size = 100), @p6='?' (DbType = Int32), @p7='?' (DbType = Int32), @p8='?' (DbType = Int32), @p9='?' (DbType = DateTime)], CommandType='"Text"', CommandTimeout='30']
INSERT INTO `inventory` (`created_at`, `price_cny`, `price_jpy`, `product_id`, `purchase_date`, `purchase_no`, `purchase_quantity`, `stock_quantity`, `supplier_id`, `updated_at`)
VALUES (@p0, @p1, @p2, @p3, @p4, @p5, @p6, @p7, @p8, @p9);
SELECT `id`, `is_deleted`
FROM `inventory`
WHERE ROW_COUNT() = 1 AND `id` = LAST_INSERT_ID();
2026-04-05 16:43:03.036 +09:00 [INF] Executed DbCommand (1ms) [Parameters=[@__id_0='?' (DbType = Int32)], CommandType='"Text"', CommandTimeout='30']
SELECT `i`.`id`, `i`.`created_at`, `i`.`is_deleted`, `i`.`price_cny`, `i`.`price_jpy`, `i`.`product_id`, `i`.`purchase_date`, `i`.`purchase_no`, `i`.`purchase_quantity`, `i`.`stock_quantity`, `i`.`supplier_id`, `i`.`updated_at`, `p`.`id`, `p`.`category_id`, `p`.`created_at`, `p`.`is_deleted`, `p`.`name`, `p`.`updated_at`, `c`.`id`, `c`.`created_at`, `c`.`is_deleted`, `c`.`name`, `c`.`updated_at`
FROM `inventory` AS `i`
INNER JOIN `products` AS `p` ON `i`.`product_id` = `p`.`id`
INNER JOIN `categories` AS `c` ON `p`.`category_id` = `c`.`id`
WHERE (`i`.`id` = @__id_0) AND NOT (`i`.`is_deleted`)
LIMIT 1
2026-04-05 16:43:03.037 +09:00 [INF] Executed DbCommand (0ms) [Parameters=[@__id_0='?' (DbType = Int32)], CommandType='"Text"', CommandTimeout='30']
SELECT EXISTS (
    SELECT 1
    FROM `order_details` AS `o`
    WHERE (`o`.`inventory_id` = @__id_0) AND NOT (`o`.`is_deleted`))
2026-04-05 16:43:03.037 +09:00 [INF] Executing CreatedAtActionResult, writing value of type 'InventoryHub.API.DTOs.InventoryDto'.
2026-04-05 16:43:03.038 +09:00 [INF] Executed action InventoryHub.API.Controllers.InventoryController.Create (InventoryHub.API) in 23.181ms
2026-04-05 16:43:03.038 +09:00 [INF] Executed endpoint 'InventoryHub.API.Controllers.InventoryController.Create (InventoryHub.API)'
2026-04-05 16:43:03.038 +09:00 [INF] Request finished HTTP/1.1 POST http://localhost:5022/api/inventory - 201 null application/json; charset=utf-8 24.8188ms
2026-04-05 16:43:03.959 +09:00 [INF] Request starting HTTP/1.1 POST http://localhost:5022/api/inventory - application/json 179
2026-04-05 16:43:03.959 +09:00 [INF] CORS policy execution successful.
2026-04-05 16:43:03.959 +09:00 [INF] Executing endpoint 'InventoryHub.API.Controllers.InventoryController.Create (InventoryHub.API)'
2026-04-05 16:43:03.960 +09:00 [INF] Route matched with {action = "Create", controller = "Inventory"}. Executing controller action with signature System.Threading.Tasks.Task`1[Microsoft.AspNetCore.Mvc.ActionResult`1[InventoryHub.API.DTOs.InventoryDto]] Create(InventoryHub.API.DTOs.CreateInventoryDto) on controller InventoryHub.API.Controllers.InventoryController (InventoryHub.API).
2026-04-05 16:43:03.990 +09:00 [INF] Executed DbCommand (0ms) [Parameters=[@__dto_ProductId_0='?' (DbType = Int32)], CommandType='"Text"', CommandTimeout='30']
SELECT EXISTS (
    SELECT 1
    FROM `products` AS `p`
    WHERE (`p`.`id` = @__dto_ProductId_0) AND NOT (`p`.`is_deleted`))
2026-04-05 16:43:03.991 +09:00 [INF] Executed DbCommand (1ms) [Parameters=[@p0='?' (DbType = DateTime), @p1='?' (DbType = Decimal), @p2='?' (DbType = Decimal), @p3='?' (DbType = Int32), @p4='?' (DbType = DateTime), @p5='?' (Size = 100), @p6='?' (DbType = Int32), @p7='?' (DbType = Int32), @p8='?' (DbType = Int32), @p9='?' (DbType = DateTime)], CommandType='"Text"', CommandTimeout='30']
INSERT INTO `inventory` (`created_at`, `price_cny`, `price_jpy`, `product_id`, `purchase_date`, `purchase_no`, `purchase_quantity`, `stock_quantity`, `supplier_id`, `updated_at`)
VALUES (@p0, @p1, @p2, @p3, @p4, @p5, @p6, @p7, @p8, @p9);
SELECT `id`, `is_deleted`
FROM `inventory`
WHERE ROW_COUNT() = 1 AND `id` = LAST_INSERT_ID();
2026-04-05 16:43:03.993 +09:00 [INF] Executed DbCommand (0ms) [Parameters=[@__id_0='?' (DbType = Int32)], CommandType='"Text"', CommandTimeout='30']
SELECT `i`.`id`, `i`.`created_at`, `i`.`is_deleted`, `i`.`price_cny`, `i`.`price_jpy`, `i`.`product_id`, `i`.`purchase_date`, `i`.`purchase_no`, `i`.`purchase_quantity`, `i`.`stock_quantity`, `i`.`supplier_id`, `i`.`updated_at`, `p`.`id`, `p`.`category_id`, `p`.`created_at`, `p`.`is_deleted`, `p`.`name`, `p`.`updated_at`, `c`.`id`, `c`.`created_at`, `c`.`is_deleted`, `c`.`name`, `c`.`updated_at`
FROM `inventory` AS `i`
INNER JOIN `products` AS `p` ON `i`.`product_id` = `p`.`id`
INNER JOIN `categories` AS `c` ON `p`.`category_id` = `c`.`id`
WHERE (`i`.`id` = @__id_0) AND NOT (`i`.`is_deleted`)
LIMIT 1
2026-04-05 16:43:03.994 +09:00 [INF] Executed DbCommand (0ms) [Parameters=[@__id_0='?' (DbType = Int32)], CommandType='"Text"', CommandTimeout='30']
SELECT EXISTS (
    SELECT 1
    FROM `order_details` AS `o`
    WHERE (`o`.`inventory_id` = @__id_0) AND NOT (`o`.`is_deleted`))
2026-04-05 16:43:03.994 +09:00 [INF] Executing CreatedAtActionResult, writing value of type 'InventoryHub.API.DTOs.InventoryDto'.
2026-04-05 16:43:03.994 +09:00 [INF] Executed action InventoryHub.API.Controllers.InventoryController.Create (InventoryHub.API) in 34.3666ms
2026-04-05 16:43:03.994 +09:00 [INF] Executed endpoint 'InventoryHub.API.Controllers.InventoryController.Create (InventoryHub.API)'
2026-04-05 16:43:03.994 +09:00 [INF] Request finished HTTP/1.1 POST http://localhost:5022/api/inventory - 201 null application/json; charset=utf-8 35.5144ms
2026-04-05 16:43:06.065 +09:00 [INF] Request starting HTTP/1.1 POST http://localhost:5022/api/inventory - application/json 179
2026-04-05 16:43:06.066 +09:00 [INF] CORS policy execution successful.
2026-04-05 16:43:06.066 +09:00 [INF] Executing endpoint 'InventoryHub.API.Controllers.InventoryController.Create (InventoryHub.API)'
2026-04-05 16:43:06.067 +09:00 [INF] Route matched with {action = "Create", controller = "Inventory"}. Executing controller action with signature System.Threading.Tasks.Task`1[Microsoft.AspNetCore.Mvc.ActionResult`1[InventoryHub.API.DTOs.InventoryDto]] Create(InventoryHub.API.DTOs.CreateInventoryDto) on controller InventoryHub.API.Controllers.InventoryController (InventoryHub.API).
2026-04-05 16:43:06.087 +09:00 [INF] Executed DbCommand (1ms) [Parameters=[@__dto_ProductId_0='?' (DbType = Int32)], CommandType='"Text"', CommandTimeout='30']
SELECT EXISTS (
    SELECT 1
    FROM `products` AS `p`
    WHERE (`p`.`id` = @__dto_ProductId_0) AND NOT (`p`.`is_deleted`))
2026-04-05 16:43:06.094 +09:00 [INF] Executed DbCommand (6ms) [Parameters=[@p0='?' (DbType = DateTime), @p1='?' (DbType = Decimal), @p2='?' (DbType = Decimal), @p3='?' (DbType = Int32), @p4='?' (DbType = DateTime), @p5='?' (Size = 100), @p6='?' (DbType = Int32), @p7='?' (DbType = Int32), @p8='?' (DbType = Int32), @p9='?' (DbType = DateTime)], CommandType='"Text"', CommandTimeout='30']
INSERT INTO `inventory` (`created_at`, `price_cny`, `price_jpy`, `product_id`, `purchase_date`, `purchase_no`, `purchase_quantity`, `stock_quantity`, `supplier_id`, `updated_at`)
VALUES (@p0, @p1, @p2, @p3, @p4, @p5, @p6, @p7, @p8, @p9);
SELECT `id`, `is_deleted`
FROM `inventory`
WHERE ROW_COUNT() = 1 AND `id` = LAST_INSERT_ID();
2026-04-05 16:43:06.098 +09:00 [INF] Executed DbCommand (1ms) [Parameters=[@__id_0='?' (DbType = Int32)], CommandType='"Text"', CommandTimeout='30']
SELECT `i`.`id`, `i`.`created_at`, `i`.`is_deleted`, `i`.`price_cny`, `i`.`price_jpy`, `i`.`product_id`, `i`.`purchase_date`, `i`.`purchase_no`, `i`.`purchase_quantity`, `i`.`stock_quantity`, `i`.`supplier_id`, `i`.`updated_at`, `p`.`id`, `p`.`category_id`, `p`.`created_at`, `p`.`is_deleted`, `p`.`name`, `p`.`updated_at`, `c`.`id`, `c`.`created_at`, `c`.`is_deleted`, `c`.`name`, `c`.`updated_at`
FROM `inventory` AS `i`
INNER JOIN `products` AS `p` ON `i`.`product_id` = `p`.`id`
INNER JOIN `categories` AS `c` ON `p`.`category_id` = `c`.`id`
WHERE (`i`.`id` = @__id_0) AND NOT (`i`.`is_deleted`)
LIMIT 1
2026-04-05 16:43:06.103 +09:00 [INF] Executed DbCommand (1ms) [Parameters=[@__id_0='?' (DbType = Int32)], CommandType='"Text"', CommandTimeout='30']
SELECT EXISTS (
    SELECT 1
    FROM `order_details` AS `o`
    WHERE (`o`.`inventory_id` = @__id_0) AND NOT (`o`.`is_deleted`))
2026-04-05 16:43:06.103 +09:00 [INF] Executing CreatedAtActionResult, writing value of type 'InventoryHub.API.DTOs.InventoryDto'.
2026-04-05 16:43:06.104 +09:00 [INF] Executed action InventoryHub.API.Controllers.InventoryController.Create (InventoryHub.API) in 36.85ms
2026-04-05 16:43:06.104 +09:00 [INF] Executed endpoint 'InventoryHub.API.Controllers.InventoryController.Create (InventoryHub.API)'
2026-04-05 16:43:06.104 +09:00 [INF] Request finished HTTP/1.1 POST http://localhost:5022/api/inventory - 201 null application/json; charset=utf-8 39.7202ms
2026-04-05 16:43:07.074 +09:00 [INF] Request starting HTTP/1.1 POST http://localhost:5022/api/inventory - application/json 179
2026-04-05 16:43:07.075 +09:00 [INF] CORS policy execution successful.
2026-04-05 16:43:07.075 +09:00 [INF] Executing endpoint 'InventoryHub.API.Controllers.InventoryController.Create (InventoryHub.API)'
2026-04-05 16:43:07.075 +09:00 [INF] Route matched with {action = "Create", controller = "Inventory"}. Executing controller action with signature System.Threading.Tasks.Task`1[Microsoft.AspNetCore.Mvc.ActionResult`1[InventoryHub.API.DTOs.InventoryDto]] Create(InventoryHub.API.DTOs.CreateInventoryDto) on controller InventoryHub.API.Controllers.InventoryController (InventoryHub.API).
2026-04-05 16:43:07.090 +09:00 [INF] Executed DbCommand (0ms) [Parameters=[@__dto_ProductId_0='?' (DbType = Int32)], CommandType='"Text"', CommandTimeout='30']
SELECT EXISTS (
    SELECT 1
    FROM `products` AS `p`
    WHERE (`p`.`id` = @__dto_ProductId_0) AND NOT (`p`.`is_deleted`))
2026-04-05 16:43:07.093 +09:00 [INF] Executed DbCommand (1ms) [Parameters=[@p0='?' (DbType = DateTime), @p1='?' (DbType = Decimal), @p2='?' (DbType = Decimal), @p3='?' (DbType = Int32), @p4='?' (DbType = DateTime), @p5='?' (Size = 100), @p6='?' (DbType = Int32), @p7='?' (DbType = Int32), @p8='?' (DbType = Int32), @p9='?' (DbType = DateTime)], CommandType='"Text"', CommandTimeout='30']
INSERT INTO `inventory` (`created_at`, `price_cny`, `price_jpy`, `product_id`, `purchase_date`, `purchase_no`, `purchase_quantity`, `stock_quantity`, `supplier_id`, `updated_at`)
VALUES (@p0, @p1, @p2, @p3, @p4, @p5, @p6, @p7, @p8, @p9);
SELECT `id`, `is_deleted`
FROM `inventory`
WHERE ROW_COUNT() = 1 AND `id` = LAST_INSERT_ID();
2026-04-05 16:43:07.095 +09:00 [INF] Executed DbCommand (0ms) [Parameters=[@__id_0='?' (DbType = Int32)], CommandType='"Text"', CommandTimeout='30']
SELECT `i`.`id`, `i`.`created_at`, `i`.`is_deleted`, `i`.`price_cny`, `i`.`price_jpy`, `i`.`product_id`, `i`.`purchase_date`, `i`.`purchase_no`, `i`.`purchase_quantity`, `i`.`stock_quantity`, `i`.`supplier_id`, `i`.`updated_at`, `p`.`id`, `p`.`category_id`, `p`.`created_at`, `p`.`is_deleted`, `p`.`name`, `p`.`updated_at`, `c`.`id`, `c`.`created_at`, `c`.`is_deleted`, `c`.`name`, `c`.`updated_at`
FROM `inventory` AS `i`
INNER JOIN `products` AS `p` ON `i`.`product_id` = `p`.`id`
INNER JOIN `categories` AS `c` ON `p`.`category_id` = `c`.`id`
WHERE (`i`.`id` = @__id_0) AND NOT (`i`.`is_deleted`)
LIMIT 1
2026-04-05 16:43:07.095 +09:00 [INF] Executed DbCommand (0ms) [Parameters=[@__id_0='?' (DbType = Int32)], CommandType='"Text"', CommandTimeout='30']
SELECT EXISTS (
    SELECT 1
    FROM `order_details` AS `o`
    WHERE (`o`.`inventory_id` = @__id_0) AND NOT (`o`.`is_deleted`))
2026-04-05 16:43:07.096 +09:00 [INF] Executing CreatedAtActionResult, writing value of type 'InventoryHub.API.DTOs.InventoryDto'.
2026-04-05 16:43:07.096 +09:00 [INF] Executed action InventoryHub.API.Controllers.InventoryController.Create (InventoryHub.API) in 21.1655ms
2026-04-05 16:43:07.096 +09:00 [INF] Executed endpoint 'InventoryHub.API.Controllers.InventoryController.Create (InventoryHub.API)'
2026-04-05 16:43:07.096 +09:00 [INF] Request finished HTTP/1.1 POST http://localhost:5022/api/inventory - 201 null application/json; charset=utf-8 22.0737ms
2026-04-05 16:48:28.350 +09:00 [INF] Request starting HTTP/1.1 GET http://localhost:5022/api/categories - null null
2026-04-05 16:48:28.350 +09:00 [INF] Request starting HTTP/1.1 GET http://localhost:5022/api/products - null null
2026-04-05 16:48:28.351 +09:00 [INF] Request starting HTTP/1.1 GET http://localhost:5022/api/suppliers - null null
2026-04-05 16:48:28.367 +09:00 [INF] CORS policy execution successful.
2026-04-05 16:48:28.367 +09:00 [INF] CORS policy execution successful.
2026-04-05 16:48:28.367 +09:00 [INF] CORS policy execution successful.
2026-04-05 16:48:28.370 +09:00 [INF] Executing endpoint 'InventoryHub.API.Controllers.SuppliersController.GetAll (InventoryHub.API)'
2026-04-05 16:48:28.370 +09:00 [INF] Executing endpoint 'InventoryHub.API.Controllers.ProductsController.GetAll (InventoryHub.API)'
2026-04-05 16:48:28.370 +09:00 [INF] Executing endpoint 'InventoryHub.API.Controllers.CategoriesController.GetCategories (InventoryHub.API)'
2026-04-05 16:48:28.374 +09:00 [INF] Route matched with {action = "GetAll", controller = "Suppliers"}. Executing controller action with signature System.Threading.Tasks.Task`1[Microsoft.AspNetCore.Mvc.ActionResult`1[System.Collections.Generic.IEnumerable`1[InventoryHub.API.DTOs.SupplierDto]]] GetAll() on controller InventoryHub.API.Controllers.SuppliersController (InventoryHub.API).
2026-04-05 16:48:28.375 +09:00 [INF] Route matched with {action = "GetCategories", controller = "Categories"}. Executing controller action with signature System.Threading.Tasks.Task`1[Microsoft.AspNetCore.Mvc.ActionResult`1[System.Collections.Generic.IEnumerable`1[InventoryHub.API.DTOs.CategoryDto]]] GetCategories() on controller InventoryHub.API.Controllers.CategoriesController (InventoryHub.API).
2026-04-05 16:48:28.374 +09:00 [INF] Route matched with {action = "GetAll", controller = "Products"}. Executing controller action with signature System.Threading.Tasks.Task`1[Microsoft.AspNetCore.Mvc.ActionResult`1[System.Collections.Generic.IEnumerable`1[InventoryHub.API.DTOs.ProductDto]]] GetAll() on controller InventoryHub.API.Controllers.ProductsController (InventoryHub.API).
2026-04-05 16:48:28.855 +09:00 [INF] Executed DbCommand (31ms) [Parameters=[], CommandType='"Text"', CommandTimeout='30']
SELECT `c`.`id`, `c`.`created_at`, `c`.`is_deleted`, `c`.`name`, `c`.`updated_at`
FROM `categories` AS `c`
WHERE NOT (`c`.`is_deleted`)
ORDER BY `c`.`name`
2026-04-05 16:48:28.855 +09:00 [INF] Executed DbCommand (31ms) [Parameters=[], CommandType='"Text"', CommandTimeout='30']
SELECT `s`.`id`, `s`.`created_at`, `s`.`is_deleted`, `s`.`name`, `s`.`updated_at`
FROM `suppliers` AS `s`
WHERE NOT (`s`.`is_deleted`)
ORDER BY `s`.`name`
2026-04-05 16:48:28.855 +09:00 [INF] Executed DbCommand (28ms) [Parameters=[], CommandType='"Text"', CommandTimeout='30']
SELECT `p`.`id`, `p`.`category_id`, `p`.`created_at`, `p`.`is_deleted`, `p`.`name`, `p`.`updated_at`, `c`.`id`, `c`.`created_at`, `c`.`is_deleted`, `c`.`name`, `c`.`updated_at`
FROM `products` AS `p`
INNER JOIN `categories` AS `c` ON `p`.`category_id` = `c`.`id`
WHERE NOT (`p`.`is_deleted`)
ORDER BY `p`.`name`
2026-04-05 16:48:28.860 +09:00 [INF] Executing OkObjectResult, writing value of type 'System.Collections.Generic.List`1[[InventoryHub.API.DTOs.SupplierDto, InventoryHub.API, Version=1.0.0.0, Culture=neutral, PublicKeyToken=null]]'.
2026-04-05 16:48:28.860 +09:00 [INF] Executing OkObjectResult, writing value of type 'System.Collections.Generic.List`1[[InventoryHub.API.DTOs.CategoryDto, InventoryHub.API, Version=1.0.0.0, Culture=neutral, PublicKeyToken=null]]'.
2026-04-05 16:48:28.860 +09:00 [INF] Executing OkObjectResult, writing value of type 'System.Linq.Enumerable+ListSelectIterator`2[[InventoryHub.API.Models.Product, InventoryHub.API, Version=1.0.0.0, Culture=neutral, PublicKeyToken=null],[InventoryHub.API.DTOs.ProductDto, InventoryHub.API, Version=1.0.0.0, Culture=neutral, PublicKeyToken=null]]'.
2026-04-05 16:48:28.860 +09:00 [INF] Executed action InventoryHub.API.Controllers.SuppliersController.GetAll (InventoryHub.API) in 485.941ms
2026-04-05 16:48:28.860 +09:00 [INF] Executed action InventoryHub.API.Controllers.CategoriesController.GetCategories (InventoryHub.API) in 485.3885ms
2026-04-05 16:48:28.861 +09:00 [INF] Executed endpoint 'InventoryHub.API.Controllers.SuppliersController.GetAll (InventoryHub.API)'
2026-04-05 16:48:28.861 +09:00 [INF] Executed endpoint 'InventoryHub.API.Controllers.CategoriesController.GetCategories (InventoryHub.API)'
2026-04-05 16:48:28.861 +09:00 [INF] Request finished HTTP/1.1 GET http://localhost:5022/api/suppliers - 200 null application/json; charset=utf-8 512.5679ms
2026-04-05 16:48:28.861 +09:00 [INF] Executed action InventoryHub.API.Controllers.ProductsController.GetAll (InventoryHub.API) in 486.0681ms
2026-04-05 16:48:28.861 +09:00 [INF] Executed endpoint 'InventoryHub.API.Controllers.ProductsController.GetAll (InventoryHub.API)'
2026-04-05 16:48:28.861 +09:00 [INF] Request finished HTTP/1.1 GET http://localhost:5022/api/categories - 200 null application/json; charset=utf-8 514.7126ms
2026-04-05 16:48:28.861 +09:00 [INF] Request finished HTTP/1.1 GET http://localhost:5022/api/products - 200 null application/json; charset=utf-8 515.1765ms
2026-04-05 16:48:33.486 +09:00 [INF] Request starting HTTP/1.1 GET http://localhost:5022/api/products - null null
2026-04-05 16:48:33.486 +09:00 [INF] Request starting HTTP/1.1 GET http://localhost:5022/api/categories - null null
2026-04-05 16:48:33.486 +09:00 [INF] Request starting HTTP/1.1 GET http://localhost:5022/api/suppliers - null null
2026-04-05 16:48:33.488 +09:00 [INF] CORS policy execution successful.
2026-04-05 16:48:33.488 +09:00 [INF] CORS policy execution successful.
2026-04-05 16:48:33.488 +09:00 [INF] CORS policy execution successful.
2026-04-05 16:48:33.488 +09:00 [INF] Executing endpoint 'InventoryHub.API.Controllers.SuppliersController.GetAll (InventoryHub.API)'
2026-04-05 16:48:33.488 +09:00 [INF] Executing endpoint 'InventoryHub.API.Controllers.ProductsController.GetAll (InventoryHub.API)'
2026-04-05 16:48:33.488 +09:00 [INF] Executing endpoint 'InventoryHub.API.Controllers.CategoriesController.GetCategories (InventoryHub.API)'
2026-04-05 16:48:33.490 +09:00 [INF] Route matched with {action = "GetAll", controller = "Suppliers"}. Executing controller action with signature System.Threading.Tasks.Task`1[Microsoft.AspNetCore.Mvc.ActionResult`1[System.Collections.Generic.IEnumerable`1[InventoryHub.API.DTOs.SupplierDto]]] GetAll() on controller InventoryHub.API.Controllers.SuppliersController (InventoryHub.API).
2026-04-05 16:48:33.490 +09:00 [INF] Route matched with {action = "GetAll", controller = "Products"}. Executing controller action with signature System.Threading.Tasks.Task`1[Microsoft.AspNetCore.Mvc.ActionResult`1[System.Collections.Generic.IEnumerable`1[InventoryHub.API.DTOs.ProductDto]]] GetAll() on controller InventoryHub.API.Controllers.ProductsController (InventoryHub.API).
2026-04-05 16:48:33.490 +09:00 [INF] Route matched with {action = "GetCategories", controller = "Categories"}. Executing controller action with signature System.Threading.Tasks.Task`1[Microsoft.AspNetCore.Mvc.ActionResult`1[System.Collections.Generic.IEnumerable`1[InventoryHub.API.DTOs.CategoryDto]]] GetCategories() on controller InventoryHub.API.Controllers.CategoriesController (InventoryHub.API).
2026-04-05 16:48:33.548 +09:00 [INF] Executed DbCommand (1ms) [Parameters=[], CommandType='"Text"', CommandTimeout='30']
SELECT `c`.`id`, `c`.`created_at`, `c`.`is_deleted`, `c`.`name`, `c`.`updated_at`
FROM `categories` AS `c`
WHERE NOT (`c`.`is_deleted`)
ORDER BY `c`.`name`
2026-04-05 16:48:33.548 +09:00 [INF] Executed DbCommand (1ms) [Parameters=[], CommandType='"Text"', CommandTimeout='30']
SELECT `s`.`id`, `s`.`created_at`, `s`.`is_deleted`, `s`.`name`, `s`.`updated_at`
FROM `suppliers` AS `s`
WHERE NOT (`s`.`is_deleted`)
ORDER BY `s`.`name`
2026-04-05 16:48:33.549 +09:00 [INF] Executing OkObjectResult, writing value of type 'System.Collections.Generic.List`1[[InventoryHub.API.DTOs.SupplierDto, InventoryHub.API, Version=1.0.0.0, Culture=neutral, PublicKeyToken=null]]'.
2026-04-05 16:48:33.549 +09:00 [INF] Executing OkObjectResult, writing value of type 'System.Collections.Generic.List`1[[InventoryHub.API.DTOs.CategoryDto, InventoryHub.API, Version=1.0.0.0, Culture=neutral, PublicKeyToken=null]]'.
2026-04-05 16:48:33.550 +09:00 [INF] Executed action InventoryHub.API.Controllers.CategoriesController.GetCategories (InventoryHub.API) in 59.2667ms
2026-04-05 16:48:33.550 +09:00 [INF] Executed action InventoryHub.API.Controllers.SuppliersController.GetAll (InventoryHub.API) in 59.7273ms
2026-04-05 16:48:33.550 +09:00 [INF] Executed endpoint 'InventoryHub.API.Controllers.CategoriesController.GetCategories (InventoryHub.API)'
2026-04-05 16:48:33.550 +09:00 [INF] Executed endpoint 'InventoryHub.API.Controllers.SuppliersController.GetAll (InventoryHub.API)'
2026-04-05 16:48:33.550 +09:00 [INF] Request finished HTTP/1.1 GET http://localhost:5022/api/categories - 200 null application/json; charset=utf-8 64.0314ms
2026-04-05 16:48:33.551 +09:00 [INF] Request finished HTTP/1.1 GET http://localhost:5022/api/suppliers - 200 null application/json; charset=utf-8 64.3795ms
2026-04-05 16:48:33.552 +09:00 [INF] Executed DbCommand (5ms) [Parameters=[], CommandType='"Text"', CommandTimeout='30']
SELECT `p`.`id`, `p`.`category_id`, `p`.`created_at`, `p`.`is_deleted`, `p`.`name`, `p`.`updated_at`, `c`.`id`, `c`.`created_at`, `c`.`is_deleted`, `c`.`name`, `c`.`updated_at`
FROM `products` AS `p`
INNER JOIN `categories` AS `c` ON `p`.`category_id` = `c`.`id`
WHERE NOT (`p`.`is_deleted`)
ORDER BY `p`.`name`
2026-04-05 16:48:33.554 +09:00 [INF] Executing OkObjectResult, writing value of type 'System.Linq.Enumerable+ListSelectIterator`2[[InventoryHub.API.Models.Product, InventoryHub.API, Version=1.0.0.0, Culture=neutral, PublicKeyToken=null],[InventoryHub.API.DTOs.ProductDto, InventoryHub.API, Version=1.0.0.0, Culture=neutral, PublicKeyToken=null]]'.
2026-04-05 16:48:33.554 +09:00 [INF] Executed action InventoryHub.API.Controllers.ProductsController.GetAll (InventoryHub.API) in 63.9279ms
2026-04-05 16:48:33.554 +09:00 [INF] Executed endpoint 'InventoryHub.API.Controllers.ProductsController.GetAll (InventoryHub.API)'
2026-04-05 16:48:33.554 +09:00 [INF] Request finished HTTP/1.1 GET http://localhost:5022/api/products - 200 null application/json; charset=utf-8 68.1245ms
2026-04-05 16:48:36.030 +09:00 [INF] Request starting HTTP/1.1 GET http://localhost:5022/api/suppliers - null null
2026-04-05 16:48:36.030 +09:00 [INF] Request starting HTTP/1.1 GET http://localhost:5022/api/categories - null null
2026-04-05 16:48:36.030 +09:00 [INF] Request starting HTTP/1.1 GET http://localhost:5022/api/products - null null
2026-04-05 16:48:36.032 +09:00 [INF] CORS policy execution successful.
2026-04-05 16:48:36.032 +09:00 [INF] CORS policy execution successful.
2026-04-05 16:48:36.032 +09:00 [INF] CORS policy execution successful.
2026-04-05 16:48:36.033 +09:00 [INF] Executing endpoint 'InventoryHub.API.Controllers.ProductsController.GetAll (InventoryHub.API)'
2026-04-05 16:48:36.033 +09:00 [INF] Executing endpoint 'InventoryHub.API.Controllers.CategoriesController.GetCategories (InventoryHub.API)'
2026-04-05 16:48:36.033 +09:00 [INF] Executing endpoint 'InventoryHub.API.Controllers.SuppliersController.GetAll (InventoryHub.API)'
2026-04-05 16:48:36.034 +09:00 [INF] Route matched with {action = "GetCategories", controller = "Categories"}. Executing controller action with signature System.Threading.Tasks.Task`1[Microsoft.AspNetCore.Mvc.ActionResult`1[System.Collections.Generic.IEnumerable`1[InventoryHub.API.DTOs.CategoryDto]]] GetCategories() on controller InventoryHub.API.Controllers.CategoriesController (InventoryHub.API).
2026-04-05 16:48:36.035 +09:00 [INF] Route matched with {action = "GetAll", controller = "Products"}. Executing controller action with signature System.Threading.Tasks.Task`1[Microsoft.AspNetCore.Mvc.ActionResult`1[System.Collections.Generic.IEnumerable`1[InventoryHub.API.DTOs.ProductDto]]] GetAll() on controller InventoryHub.API.Controllers.ProductsController (InventoryHub.API).
2026-04-05 16:48:36.034 +09:00 [INF] Route matched with {action = "GetAll", controller = "Suppliers"}. Executing controller action with signature System.Threading.Tasks.Task`1[Microsoft.AspNetCore.Mvc.ActionResult`1[System.Collections.Generic.IEnumerable`1[InventoryHub.API.DTOs.SupplierDto]]] GetAll() on controller InventoryHub.API.Controllers.SuppliersController (InventoryHub.API).
2026-04-05 16:48:36.091 +09:00 [INF] Executed DbCommand (1ms) [Parameters=[], CommandType='"Text"', CommandTimeout='30']
SELECT `s`.`id`, `s`.`created_at`, `s`.`is_deleted`, `s`.`name`, `s`.`updated_at`
FROM `suppliers` AS `s`
WHERE NOT (`s`.`is_deleted`)
ORDER BY `s`.`name`
2026-04-05 16:48:36.091 +09:00 [INF] Executed DbCommand (1ms) [Parameters=[], CommandType='"Text"', CommandTimeout='30']
SELECT `c`.`id`, `c`.`created_at`, `c`.`is_deleted`, `c`.`name`, `c`.`updated_at`
FROM `categories` AS `c`
WHERE NOT (`c`.`is_deleted`)
ORDER BY `c`.`name`
2026-04-05 16:48:36.091 +09:00 [INF] Executed DbCommand (2ms) [Parameters=[], CommandType='"Text"', CommandTimeout='30']
SELECT `p`.`id`, `p`.`category_id`, `p`.`created_at`, `p`.`is_deleted`, `p`.`name`, `p`.`updated_at`, `c`.`id`, `c`.`created_at`, `c`.`is_deleted`, `c`.`name`, `c`.`updated_at`
FROM `products` AS `p`
INNER JOIN `categories` AS `c` ON `p`.`category_id` = `c`.`id`
WHERE NOT (`p`.`is_deleted`)
ORDER BY `p`.`name`
2026-04-05 16:48:36.092 +09:00 [INF] Executing OkObjectResult, writing value of type 'System.Collections.Generic.List`1[[InventoryHub.API.DTOs.CategoryDto, InventoryHub.API, Version=1.0.0.0, Culture=neutral, PublicKeyToken=null]]'.
2026-04-05 16:48:36.092 +09:00 [INF] Executing OkObjectResult, writing value of type 'System.Collections.Generic.List`1[[InventoryHub.API.DTOs.SupplierDto, InventoryHub.API, Version=1.0.0.0, Culture=neutral, PublicKeyToken=null]]'.
2026-04-05 16:48:36.094 +09:00 [INF] Executed action InventoryHub.API.Controllers.SuppliersController.GetAll (InventoryHub.API) in 58.8512ms
2026-04-05 16:48:36.095 +09:00 [INF] Executed action InventoryHub.API.Controllers.CategoriesController.GetCategories (InventoryHub.API) in 60.0193ms
2026-04-05 16:48:36.095 +09:00 [INF] Executed endpoint 'InventoryHub.API.Controllers.CategoriesController.GetCategories (InventoryHub.API)'
2026-04-05 16:48:36.095 +09:00 [INF] Executing OkObjectResult, writing value of type 'System.Linq.Enumerable+ListSelectIterator`2[[InventoryHub.API.Models.Product, InventoryHub.API, Version=1.0.0.0, Culture=neutral, PublicKeyToken=null],[InventoryHub.API.DTOs.ProductDto, InventoryHub.API, Version=1.0.0.0, Culture=neutral, PublicKeyToken=null]]'.
2026-04-05 16:48:36.096 +09:00 [INF] Request finished HTTP/1.1 GET http://localhost:5022/api/categories - 200 null application/json; charset=utf-8 65.6814ms
2026-04-05 16:48:36.095 +09:00 [INF] Executed endpoint 'InventoryHub.API.Controllers.SuppliersController.GetAll (InventoryHub.API)'
2026-04-05 16:48:36.097 +09:00 [INF] Request finished HTTP/1.1 GET http://localhost:5022/api/suppliers - 200 null application/json; charset=utf-8 67.0641ms
2026-04-05 16:48:36.096 +09:00 [INF] Executed action InventoryHub.API.Controllers.ProductsController.GetAll (InventoryHub.API) in 60.8879ms
2026-04-05 16:48:36.097 +09:00 [INF] Executed endpoint 'InventoryHub.API.Controllers.ProductsController.GetAll (InventoryHub.API)'
2026-04-05 16:48:36.098 +09:00 [INF] Request finished HTTP/1.1 GET http://localhost:5022/api/products - 200 null application/json; charset=utf-8 67.7252ms
2026-04-05 16:48:39.854 +09:00 [INF] Request starting HTTP/1.1 GET http://localhost:5022/api/categories - null null
2026-04-05 16:48:39.854 +09:00 [INF] Request starting HTTP/1.1 GET http://localhost:5022/api/products - null null
2026-04-05 16:48:39.854 +09:00 [INF] Request starting HTTP/1.1 GET http://localhost:5022/api/suppliers - null null
2026-04-05 16:48:39.862 +09:00 [INF] CORS policy execution successful.
2026-04-05 16:48:39.862 +09:00 [INF] CORS policy execution successful.
2026-04-05 16:48:39.862 +09:00 [INF] CORS policy execution successful.
2026-04-05 16:48:39.862 +09:00 [INF] Executing endpoint 'InventoryHub.API.Controllers.ProductsController.GetAll (InventoryHub.API)'
2026-04-05 16:48:39.862 +09:00 [INF] Executing endpoint 'InventoryHub.API.Controllers.CategoriesController.GetCategories (InventoryHub.API)'
2026-04-05 16:48:39.862 +09:00 [INF] Executing endpoint 'InventoryHub.API.Controllers.SuppliersController.GetAll (InventoryHub.API)'
2026-04-05 16:48:39.863 +09:00 [INF] Route matched with {action = "GetCategories", controller = "Categories"}. Executing controller action with signature System.Threading.Tasks.Task`1[Microsoft.AspNetCore.Mvc.ActionResult`1[System.Collections.Generic.IEnumerable`1[InventoryHub.API.DTOs.CategoryDto]]] GetCategories() on controller InventoryHub.API.Controllers.CategoriesController (InventoryHub.API).
2026-04-05 16:48:39.863 +09:00 [INF] Route matched with {action = "GetAll", controller = "Products"}. Executing controller action with signature System.Threading.Tasks.Task`1[Microsoft.AspNetCore.Mvc.ActionResult`1[System.Collections.Generic.IEnumerable`1[InventoryHub.API.DTOs.ProductDto]]] GetAll() on controller InventoryHub.API.Controllers.ProductsController (InventoryHub.API).
2026-04-05 16:48:39.863 +09:00 [INF] Route matched with {action = "GetAll", controller = "Suppliers"}. Executing controller action with signature System.Threading.Tasks.Task`1[Microsoft.AspNetCore.Mvc.ActionResult`1[System.Collections.Generic.IEnumerable`1[InventoryHub.API.DTOs.SupplierDto]]] GetAll() on controller InventoryHub.API.Controllers.SuppliersController (InventoryHub.API).
2026-04-05 16:48:39.905 +09:00 [INF] Executed DbCommand (1ms) [Parameters=[], CommandType='"Text"', CommandTimeout='30']
SELECT `s`.`id`, `s`.`created_at`, `s`.`is_deleted`, `s`.`name`, `s`.`updated_at`
FROM `suppliers` AS `s`
WHERE NOT (`s`.`is_deleted`)
ORDER BY `s`.`name`
2026-04-05 16:48:39.905 +09:00 [INF] Executed DbCommand (1ms) [Parameters=[], CommandType='"Text"', CommandTimeout='30']
SELECT `c`.`id`, `c`.`created_at`, `c`.`is_deleted`, `c`.`name`, `c`.`updated_at`
FROM `categories` AS `c`
WHERE NOT (`c`.`is_deleted`)
ORDER BY `c`.`name`
2026-04-05 16:48:39.905 +09:00 [INF] Executed DbCommand (1ms) [Parameters=[], CommandType='"Text"', CommandTimeout='30']
SELECT `p`.`id`, `p`.`category_id`, `p`.`created_at`, `p`.`is_deleted`, `p`.`name`, `p`.`updated_at`, `c`.`id`, `c`.`created_at`, `c`.`is_deleted`, `c`.`name`, `c`.`updated_at`
FROM `products` AS `p`
INNER JOIN `categories` AS `c` ON `p`.`category_id` = `c`.`id`
WHERE NOT (`p`.`is_deleted`)
ORDER BY `p`.`name`
2026-04-05 16:48:39.907 +09:00 [INF] Executing OkObjectResult, writing value of type 'System.Collections.Generic.List`1[[InventoryHub.API.DTOs.CategoryDto, InventoryHub.API, Version=1.0.0.0, Culture=neutral, PublicKeyToken=null]]'.
2026-04-05 16:48:39.907 +09:00 [INF] Executing OkObjectResult, writing value of type 'System.Collections.Generic.List`1[[InventoryHub.API.DTOs.SupplierDto, InventoryHub.API, Version=1.0.0.0, Culture=neutral, PublicKeyToken=null]]'.
2026-04-05 16:48:39.908 +09:00 [INF] Executed action InventoryHub.API.Controllers.SuppliersController.GetAll (InventoryHub.API) in 43.276ms
2026-04-05 16:48:39.908 +09:00 [INF] Executed action InventoryHub.API.Controllers.CategoriesController.GetCategories (InventoryHub.API) in 43.8704ms
2026-04-05 16:48:39.908 +09:00 [INF] Executing OkObjectResult, writing value of type 'System.Linq.Enumerable+ListSelectIterator`2[[InventoryHub.API.Models.Product, InventoryHub.API, Version=1.0.0.0, Culture=neutral, PublicKeyToken=null],[InventoryHub.API.DTOs.ProductDto, InventoryHub.API, Version=1.0.0.0, Culture=neutral, PublicKeyToken=null]]'.
2026-04-05 16:48:39.908 +09:00 [INF] Executed endpoint 'InventoryHub.API.Controllers.SuppliersController.GetAll (InventoryHub.API)'
2026-04-05 16:48:39.908 +09:00 [INF] Request finished HTTP/1.1 GET http://localhost:5022/api/suppliers - 200 null application/json; charset=utf-8 54.5238ms
2026-04-05 16:48:39.908 +09:00 [INF] Executed endpoint 'InventoryHub.API.Controllers.CategoriesController.GetCategories (InventoryHub.API)'
2026-04-05 16:48:39.908 +09:00 [INF] Executed action InventoryHub.API.Controllers.ProductsController.GetAll (InventoryHub.API) in 43.8573ms
2026-04-05 16:48:39.909 +09:00 [INF] Executed endpoint 'InventoryHub.API.Controllers.ProductsController.GetAll (InventoryHub.API)'
2026-04-05 16:48:39.909 +09:00 [INF] Request finished HTTP/1.1 GET http://localhost:5022/api/products - 200 null application/json; charset=utf-8 55.1865ms
2026-04-05 16:48:39.909 +09:00 [INF] Request finished HTTP/1.1 GET http://localhost:5022/api/categories - 200 null application/json; charset=utf-8 55.2435ms
2026-04-05 16:48:42.672 +09:00 [INF] Request starting HTTP/1.1 GET http://localhost:5022/api/products - null null
2026-04-05 16:48:42.672 +09:00 [INF] Request starting HTTP/1.1 GET http://localhost:5022/api/suppliers - null null
2026-04-05 16:48:42.672 +09:00 [INF] Request starting HTTP/1.1 GET http://localhost:5022/api/categories - null null
2026-04-05 16:48:42.673 +09:00 [INF] CORS policy execution successful.
2026-04-05 16:48:42.674 +09:00 [INF] CORS policy execution successful.
2026-04-05 16:48:42.673 +09:00 [INF] CORS policy execution successful.
2026-04-05 16:48:42.674 +09:00 [INF] Executing endpoint 'InventoryHub.API.Controllers.CategoriesController.GetCategories (InventoryHub.API)'
2026-04-05 16:48:42.674 +09:00 [INF] Executing endpoint 'InventoryHub.API.Controllers.SuppliersController.GetAll (InventoryHub.API)'
2026-04-05 16:48:42.674 +09:00 [INF] Executing endpoint 'InventoryHub.API.Controllers.ProductsController.GetAll (InventoryHub.API)'
2026-04-05 16:48:42.674 +09:00 [INF] Route matched with {action = "GetAll", controller = "Suppliers"}. Executing controller action with signature System.Threading.Tasks.Task`1[Microsoft.AspNetCore.Mvc.ActionResult`1[System.Collections.Generic.IEnumerable`1[InventoryHub.API.DTOs.SupplierDto]]] GetAll() on controller InventoryHub.API.Controllers.SuppliersController (InventoryHub.API).
2026-04-05 16:48:42.674 +09:00 [INF] Route matched with {action = "GetAll", controller = "Products"}. Executing controller action with signature System.Threading.Tasks.Task`1[Microsoft.AspNetCore.Mvc.ActionResult`1[System.Collections.Generic.IEnumerable`1[InventoryHub.API.DTOs.ProductDto]]] GetAll() on controller InventoryHub.API.Controllers.ProductsController (InventoryHub.API).
2026-04-05 16:48:42.674 +09:00 [INF] Route matched with {action = "GetCategories", controller = "Categories"}. Executing controller action with signature System.Threading.Tasks.Task`1[Microsoft.AspNetCore.Mvc.ActionResult`1[System.Collections.Generic.IEnumerable`1[InventoryHub.API.DTOs.CategoryDto]]] GetCategories() on controller InventoryHub.API.Controllers.CategoriesController (InventoryHub.API).
2026-04-05 16:48:42.729 +09:00 [INF] Executed DbCommand (2ms) [Parameters=[], CommandType='"Text"', CommandTimeout='30']
SELECT `s`.`id`, `s`.`created_at`, `s`.`is_deleted`, `s`.`name`, `s`.`updated_at`
FROM `suppliers` AS `s`
WHERE NOT (`s`.`is_deleted`)
ORDER BY `s`.`name`
2026-04-05 16:48:42.730 +09:00 [INF] Executed DbCommand (3ms) [Parameters=[], CommandType='"Text"', CommandTimeout='30']
SELECT `p`.`id`, `p`.`category_id`, `p`.`created_at`, `p`.`is_deleted`, `p`.`name`, `p`.`updated_at`, `c`.`id`, `c`.`created_at`, `c`.`is_deleted`, `c`.`name`, `c`.`updated_at`
FROM `products` AS `p`
INNER JOIN `categories` AS `c` ON `p`.`category_id` = `c`.`id`
WHERE NOT (`p`.`is_deleted`)
ORDER BY `p`.`name`
2026-04-05 16:48:42.731 +09:00 [INF] Executed DbCommand (1ms) [Parameters=[], CommandType='"Text"', CommandTimeout='30']
SELECT `c`.`id`, `c`.`created_at`, `c`.`is_deleted`, `c`.`name`, `c`.`updated_at`
FROM `categories` AS `c`
WHERE NOT (`c`.`is_deleted`)
ORDER BY `c`.`name`
2026-04-05 16:48:42.735 +09:00 [INF] Executing OkObjectResult, writing value of type 'System.Collections.Generic.List`1[[InventoryHub.API.DTOs.SupplierDto, InventoryHub.API, Version=1.0.0.0, Culture=neutral, PublicKeyToken=null]]'.
2026-04-05 16:48:42.735 +09:00 [INF] Executing OkObjectResult, writing value of type 'System.Linq.Enumerable+ListSelectIterator`2[[InventoryHub.API.Models.Product, InventoryHub.API, Version=1.0.0.0, Culture=neutral, PublicKeyToken=null],[InventoryHub.API.DTOs.ProductDto, InventoryHub.API, Version=1.0.0.0, Culture=neutral, PublicKeyToken=null]]'.
2026-04-05 16:48:42.735 +09:00 [INF] Executing OkObjectResult, writing value of type 'System.Collections.Generic.List`1[[InventoryHub.API.DTOs.CategoryDto, InventoryHub.API, Version=1.0.0.0, Culture=neutral, PublicKeyToken=null]]'.
2026-04-05 16:48:42.735 +09:00 [INF] Executed action InventoryHub.API.Controllers.SuppliersController.GetAll (InventoryHub.API) in 60.869ms
2026-04-05 16:48:42.739 +09:00 [INF] Executed endpoint 'InventoryHub.API.Controllers.SuppliersController.GetAll (InventoryHub.API)'
2026-04-05 16:48:42.739 +09:00 [INF] Executed action InventoryHub.API.Controllers.CategoriesController.GetCategories (InventoryHub.API) in 63.4262ms
2026-04-05 16:48:42.739 +09:00 [INF] Request finished HTTP/1.1 GET http://localhost:5022/api/suppliers - 200 null application/json; charset=utf-8 67.127ms
2026-04-05 16:48:42.739 +09:00 [INF] Executed action InventoryHub.API.Controllers.ProductsController.GetAll (InventoryHub.API) in 64.6203ms
2026-04-05 16:48:42.743 +09:00 [INF] Executed endpoint 'InventoryHub.API.Controllers.ProductsController.GetAll (InventoryHub.API)'
2026-04-05 16:48:42.740 +09:00 [INF] Executed endpoint 'InventoryHub.API.Controllers.CategoriesController.GetCategories (InventoryHub.API)'
2026-04-05 16:48:42.744 +09:00 [INF] Request finished HTTP/1.1 GET http://localhost:5022/api/categories - 200 null application/json; charset=utf-8 71.4441ms
2026-04-05 16:48:42.745 +09:00 [INF] Request finished HTTP/1.1 GET http://localhost:5022/api/products - 200 null application/json; charset=utf-8 71.3913ms
2026-04-05 16:48:46.267 +09:00 [INF] Request starting HTTP/1.1 GET http://localhost:5022/api/products - null null
2026-04-05 16:48:46.267 +09:00 [INF] Request starting HTTP/1.1 GET http://localhost:5022/api/suppliers - null null
2026-04-05 16:48:46.267 +09:00 [INF] Request starting HTTP/1.1 GET http://localhost:5022/api/categories - null null
2026-04-05 16:48:46.274 +09:00 [INF] CORS policy execution successful.
2026-04-05 16:48:46.274 +09:00 [INF] CORS policy execution successful.
2026-04-05 16:48:46.274 +09:00 [INF] CORS policy execution successful.
2026-04-05 16:48:46.274 +09:00 [INF] Executing endpoint 'InventoryHub.API.Controllers.SuppliersController.GetAll (InventoryHub.API)'
2026-04-05 16:48:46.274 +09:00 [INF] Executing endpoint 'InventoryHub.API.Controllers.ProductsController.GetAll (InventoryHub.API)'
2026-04-05 16:48:46.275 +09:00 [INF] Executing endpoint 'InventoryHub.API.Controllers.CategoriesController.GetCategories (InventoryHub.API)'
2026-04-05 16:48:46.275 +09:00 [INF] Route matched with {action = "GetAll", controller = "Suppliers"}. Executing controller action with signature System.Threading.Tasks.Task`1[Microsoft.AspNetCore.Mvc.ActionResult`1[System.Collections.Generic.IEnumerable`1[InventoryHub.API.DTOs.SupplierDto]]] GetAll() on controller InventoryHub.API.Controllers.SuppliersController (InventoryHub.API).
2026-04-05 16:48:46.275 +09:00 [INF] Route matched with {action = "GetCategories", controller = "Categories"}. Executing controller action with signature System.Threading.Tasks.Task`1[Microsoft.AspNetCore.Mvc.ActionResult`1[System.Collections.Generic.IEnumerable`1[InventoryHub.API.DTOs.CategoryDto]]] GetCategories() on controller InventoryHub.API.Controllers.CategoriesController (InventoryHub.API).
2026-04-05 16:48:46.275 +09:00 [INF] Route matched with {action = "GetAll", controller = "Products"}. Executing controller action with signature System.Threading.Tasks.Task`1[Microsoft.AspNetCore.Mvc.ActionResult`1[System.Collections.Generic.IEnumerable`1[InventoryHub.API.DTOs.ProductDto]]] GetAll() on controller InventoryHub.API.Controllers.ProductsController (InventoryHub.API).
2026-04-05 16:48:46.315 +09:00 [INF] Executed DbCommand (3ms) [Parameters=[], CommandType='"Text"', CommandTimeout='30']
SELECT `p`.`id`, `p`.`category_id`, `p`.`created_at`, `p`.`is_deleted`, `p`.`name`, `p`.`updated_at`, `c`.`id`, `c`.`created_at`, `c`.`is_deleted`, `c`.`name`, `c`.`updated_at`
FROM `products` AS `p`
INNER JOIN `categories` AS `c` ON `p`.`category_id` = `c`.`id`
WHERE NOT (`p`.`is_deleted`)
ORDER BY `p`.`name`
2026-04-05 16:48:46.315 +09:00 [INF] Executed DbCommand (3ms) [Parameters=[], CommandType='"Text"', CommandTimeout='30']
SELECT `c`.`id`, `c`.`created_at`, `c`.`is_deleted`, `c`.`name`, `c`.`updated_at`
FROM `categories` AS `c`
WHERE NOT (`c`.`is_deleted`)
ORDER BY `c`.`name`
2026-04-05 16:48:46.315 +09:00 [INF] Executed DbCommand (4ms) [Parameters=[], CommandType='"Text"', CommandTimeout='30']
SELECT `s`.`id`, `s`.`created_at`, `s`.`is_deleted`, `s`.`name`, `s`.`updated_at`
FROM `suppliers` AS `s`
WHERE NOT (`s`.`is_deleted`)
ORDER BY `s`.`name`
2026-04-05 16:48:46.317 +09:00 [INF] Executing OkObjectResult, writing value of type 'System.Collections.Generic.List`1[[InventoryHub.API.DTOs.SupplierDto, InventoryHub.API, Version=1.0.0.0, Culture=neutral, PublicKeyToken=null]]'.
2026-04-05 16:48:46.317 +09:00 [INF] Executing OkObjectResult, writing value of type 'System.Collections.Generic.List`1[[InventoryHub.API.DTOs.CategoryDto, InventoryHub.API, Version=1.0.0.0, Culture=neutral, PublicKeyToken=null]]'.
2026-04-05 16:48:46.317 +09:00 [INF] Executing OkObjectResult, writing value of type 'System.Linq.Enumerable+ListSelectIterator`2[[InventoryHub.API.Models.Product, InventoryHub.API, Version=1.0.0.0, Culture=neutral, PublicKeyToken=null],[InventoryHub.API.DTOs.ProductDto, InventoryHub.API, Version=1.0.0.0, Culture=neutral, PublicKeyToken=null]]'.
2026-04-05 16:48:46.317 +09:00 [INF] Executed action InventoryHub.API.Controllers.SuppliersController.GetAll (InventoryHub.API) in 41.8387ms
2026-04-05 16:48:46.317 +09:00 [INF] Executed action InventoryHub.API.Controllers.CategoriesController.GetCategories (InventoryHub.API) in 41.6633ms
2026-04-05 16:48:46.317 +09:00 [INF] Executed action InventoryHub.API.Controllers.ProductsController.GetAll (InventoryHub.API) in 41.7573ms
2026-04-05 16:48:46.317 +09:00 [INF] Executed endpoint 'InventoryHub.API.Controllers.SuppliersController.GetAll (InventoryHub.API)'
2026-04-05 16:48:46.318 +09:00 [INF] Executed endpoint 'InventoryHub.API.Controllers.ProductsController.GetAll (InventoryHub.API)'
2026-04-05 16:48:46.317 +09:00 [INF] Executed endpoint 'InventoryHub.API.Controllers.CategoriesController.GetCategories (InventoryHub.API)'
2026-04-05 16:48:46.318 +09:00 [INF] Request finished HTTP/1.1 GET http://localhost:5022/api/suppliers - 200 null application/json; charset=utf-8 50.7576ms
2026-04-05 16:48:46.318 +09:00 [INF] Request finished HTTP/1.1 GET http://localhost:5022/api/products - 200 null application/json; charset=utf-8 50.7541ms
2026-04-05 16:48:46.318 +09:00 [INF] Request finished HTTP/1.1 GET http://localhost:5022/api/categories - 200 null application/json; charset=utf-8 50.8515ms
2026-04-05 16:48:49.340 +09:00 [INF] Request starting HTTP/1.1 GET http://localhost:5022/api/products - null null
2026-04-05 16:48:49.340 +09:00 [INF] Request starting HTTP/1.1 GET http://localhost:5022/api/suppliers - null null
2026-04-05 16:48:49.340 +09:00 [INF] Request starting HTTP/1.1 GET http://localhost:5022/api/categories - null null
2026-04-05 16:48:49.342 +09:00 [INF] CORS policy execution successful.
2026-04-05 16:48:49.342 +09:00 [INF] CORS policy execution successful.
2026-04-05 16:48:49.342 +09:00 [INF] CORS policy execution successful.
2026-04-05 16:48:49.342 +09:00 [INF] Executing endpoint 'InventoryHub.API.Controllers.CategoriesController.GetCategories (InventoryHub.API)'
2026-04-05 16:48:49.342 +09:00 [INF] Executing endpoint 'InventoryHub.API.Controllers.ProductsController.GetAll (InventoryHub.API)'
2026-04-05 16:48:49.342 +09:00 [INF] Executing endpoint 'InventoryHub.API.Controllers.SuppliersController.GetAll (InventoryHub.API)'
2026-04-05 16:48:49.343 +09:00 [INF] Route matched with {action = "GetAll", controller = "Suppliers"}. Executing controller action with signature System.Threading.Tasks.Task`1[Microsoft.AspNetCore.Mvc.ActionResult`1[System.Collections.Generic.IEnumerable`1[InventoryHub.API.DTOs.SupplierDto]]] GetAll() on controller InventoryHub.API.Controllers.SuppliersController (InventoryHub.API).
2026-04-05 16:48:49.343 +09:00 [INF] Route matched with {action = "GetCategories", controller = "Categories"}. Executing controller action with signature System.Threading.Tasks.Task`1[Microsoft.AspNetCore.Mvc.ActionResult`1[System.Collections.Generic.IEnumerable`1[InventoryHub.API.DTOs.CategoryDto]]] GetCategories() on controller InventoryHub.API.Controllers.CategoriesController (InventoryHub.API).
2026-04-05 16:48:49.344 +09:00 [INF] Route matched with {action = "GetAll", controller = "Products"}. Executing controller action with signature System.Threading.Tasks.Task`1[Microsoft.AspNetCore.Mvc.ActionResult`1[System.Collections.Generic.IEnumerable`1[InventoryHub.API.DTOs.ProductDto]]] GetAll() on controller InventoryHub.API.Controllers.ProductsController (InventoryHub.API).
2026-04-05 16:48:49.410 +09:00 [INF] Executed DbCommand (1ms) [Parameters=[], CommandType='"Text"', CommandTimeout='30']
SELECT `c`.`id`, `c`.`created_at`, `c`.`is_deleted`, `c`.`name`, `c`.`updated_at`
FROM `categories` AS `c`
WHERE NOT (`c`.`is_deleted`)
ORDER BY `c`.`name`
2026-04-05 16:48:49.410 +09:00 [INF] Executed DbCommand (1ms) [Parameters=[], CommandType='"Text"', CommandTimeout='30']
SELECT `s`.`id`, `s`.`created_at`, `s`.`is_deleted`, `s`.`name`, `s`.`updated_at`
FROM `suppliers` AS `s`
WHERE NOT (`s`.`is_deleted`)
ORDER BY `s`.`name`
2026-04-05 16:48:49.411 +09:00 [INF] Executed DbCommand (2ms) [Parameters=[], CommandType='"Text"', CommandTimeout='30']
SELECT `p`.`id`, `p`.`category_id`, `p`.`created_at`, `p`.`is_deleted`, `p`.`name`, `p`.`updated_at`, `c`.`id`, `c`.`created_at`, `c`.`is_deleted`, `c`.`name`, `c`.`updated_at`
FROM `products` AS `p`
INNER JOIN `categories` AS `c` ON `p`.`category_id` = `c`.`id`
WHERE NOT (`p`.`is_deleted`)
ORDER BY `p`.`name`
2026-04-05 16:48:49.413 +09:00 [INF] Executing OkObjectResult, writing value of type 'System.Linq.Enumerable+ListSelectIterator`2[[InventoryHub.API.Models.Product, InventoryHub.API, Version=1.0.0.0, Culture=neutral, PublicKeyToken=null],[InventoryHub.API.DTOs.ProductDto, InventoryHub.API, Version=1.0.0.0, Culture=neutral, PublicKeyToken=null]]'.
2026-04-05 16:48:49.413 +09:00 [INF] Executing OkObjectResult, writing value of type 'System.Collections.Generic.List`1[[InventoryHub.API.DTOs.SupplierDto, InventoryHub.API, Version=1.0.0.0, Culture=neutral, PublicKeyToken=null]]'.
2026-04-05 16:48:49.413 +09:00 [INF] Executing OkObjectResult, writing value of type 'System.Collections.Generic.List`1[[InventoryHub.API.DTOs.CategoryDto, InventoryHub.API, Version=1.0.0.0, Culture=neutral, PublicKeyToken=null]]'.
2026-04-05 16:48:49.413 +09:00 [INF] Executed action InventoryHub.API.Controllers.SuppliersController.GetAll (InventoryHub.API) in 69.8304ms
2026-04-05 16:48:49.413 +09:00 [INF] Executed action InventoryHub.API.Controllers.CategoriesController.GetCategories (InventoryHub.API) in 69.762ms
2026-04-05 16:48:49.413 +09:00 [INF] Executed action InventoryHub.API.Controllers.ProductsController.GetAll (InventoryHub.API) in 68.7694ms
2026-04-05 16:48:49.413 +09:00 [INF] Executed endpoint 'InventoryHub.API.Controllers.CategoriesController.GetCategories (InventoryHub.API)'
2026-04-05 16:48:49.413 +09:00 [INF] Executed endpoint 'InventoryHub.API.Controllers.ProductsController.GetAll (InventoryHub.API)'
2026-04-05 16:48:49.414 +09:00 [INF] Request finished HTTP/1.1 GET http://localhost:5022/api/categories - 200 null application/json; charset=utf-8 73.8056ms
2026-04-05 16:48:49.414 +09:00 [INF] Request finished HTTP/1.1 GET http://localhost:5022/api/products - 200 null application/json; charset=utf-8 73.9275ms
2026-04-05 16:48:49.413 +09:00 [INF] Executed endpoint 'InventoryHub.API.Controllers.SuppliersController.GetAll (InventoryHub.API)'
2026-04-05 16:48:49.416 +09:00 [INF] Request finished HTTP/1.1 GET http://localhost:5022/api/suppliers - 200 null application/json; charset=utf-8 76.0862ms
2026-04-05 16:48:54.916 +09:00 [INF] Request starting HTTP/1.1 GET http://localhost:5022/api/categories - null null
2026-04-05 16:48:54.916 +09:00 [INF] Request starting HTTP/1.1 GET http://localhost:5022/api/suppliers - null null
2026-04-05 16:48:54.916 +09:00 [INF] Request starting HTTP/1.1 GET http://localhost:5022/api/products - null null
2026-04-05 16:48:54.919 +09:00 [INF] CORS policy execution successful.
2026-04-05 16:48:54.919 +09:00 [INF] CORS policy execution successful.
2026-04-05 16:48:54.919 +09:00 [INF] CORS policy execution successful.
2026-04-05 16:48:54.922 +09:00 [INF] Executing endpoint 'InventoryHub.API.Controllers.ProductsController.GetAll (InventoryHub.API)'
2026-04-05 16:48:54.922 +09:00 [INF] Executing endpoint 'InventoryHub.API.Controllers.CategoriesController.GetCategories (InventoryHub.API)'
2026-04-05 16:48:54.922 +09:00 [INF] Executing endpoint 'InventoryHub.API.Controllers.SuppliersController.GetAll (InventoryHub.API)'
2026-04-05 16:48:54.924 +09:00 [INF] Route matched with {action = "GetAll", controller = "Products"}. Executing controller action with signature System.Threading.Tasks.Task`1[Microsoft.AspNetCore.Mvc.ActionResult`1[System.Collections.Generic.IEnumerable`1[InventoryHub.API.DTOs.ProductDto]]] GetAll() on controller InventoryHub.API.Controllers.ProductsController (InventoryHub.API).
2026-04-05 16:48:54.924 +09:00 [INF] Route matched with {action = "GetCategories", controller = "Categories"}. Executing controller action with signature System.Threading.Tasks.Task`1[Microsoft.AspNetCore.Mvc.ActionResult`1[System.Collections.Generic.IEnumerable`1[InventoryHub.API.DTOs.CategoryDto]]] GetCategories() on controller InventoryHub.API.Controllers.CategoriesController (InventoryHub.API).
2026-04-05 16:48:54.924 +09:00 [INF] Route matched with {action = "GetAll", controller = "Suppliers"}. Executing controller action with signature System.Threading.Tasks.Task`1[Microsoft.AspNetCore.Mvc.ActionResult`1[System.Collections.Generic.IEnumerable`1[InventoryHub.API.DTOs.SupplierDto]]] GetAll() on controller InventoryHub.API.Controllers.SuppliersController (InventoryHub.API).
2026-04-05 16:48:54.991 +09:00 [INF] Executed DbCommand (1ms) [Parameters=[], CommandType='"Text"', CommandTimeout='30']
SELECT `c`.`id`, `c`.`created_at`, `c`.`is_deleted`, `c`.`name`, `c`.`updated_at`
FROM `categories` AS `c`
WHERE NOT (`c`.`is_deleted`)
ORDER BY `c`.`name`
2026-04-05 16:48:54.991 +09:00 [INF] Executed DbCommand (1ms) [Parameters=[], CommandType='"Text"', CommandTimeout='30']
SELECT `p`.`id`, `p`.`category_id`, `p`.`created_at`, `p`.`is_deleted`, `p`.`name`, `p`.`updated_at`, `c`.`id`, `c`.`created_at`, `c`.`is_deleted`, `c`.`name`, `c`.`updated_at`
FROM `products` AS `p`
INNER JOIN `categories` AS `c` ON `p`.`category_id` = `c`.`id`
WHERE NOT (`p`.`is_deleted`)
ORDER BY `p`.`name`
2026-04-05 16:48:54.991 +09:00 [INF] Executed DbCommand (1ms) [Parameters=[], CommandType='"Text"', CommandTimeout='30']
SELECT `s`.`id`, `s`.`created_at`, `s`.`is_deleted`, `s`.`name`, `s`.`updated_at`
FROM `suppliers` AS `s`
WHERE NOT (`s`.`is_deleted`)
ORDER BY `s`.`name`
2026-04-05 16:48:54.993 +09:00 [INF] Executing OkObjectResult, writing value of type 'System.Collections.Generic.List`1[[InventoryHub.API.DTOs.SupplierDto, InventoryHub.API, Version=1.0.0.0, Culture=neutral, PublicKeyToken=null]]'.
2026-04-05 16:48:54.993 +09:00 [INF] Executing OkObjectResult, writing value of type 'System.Collections.Generic.List`1[[InventoryHub.API.DTOs.CategoryDto, InventoryHub.API, Version=1.0.0.0, Culture=neutral, PublicKeyToken=null]]'.
2026-04-05 16:48:54.993 +09:00 [INF] Executing OkObjectResult, writing value of type 'System.Linq.Enumerable+ListSelectIterator`2[[InventoryHub.API.Models.Product, InventoryHub.API, Version=1.0.0.0, Culture=neutral, PublicKeyToken=null],[InventoryHub.API.DTOs.ProductDto, InventoryHub.API, Version=1.0.0.0, Culture=neutral, PublicKeyToken=null]]'.
2026-04-05 16:48:54.993 +09:00 [INF] Executed action InventoryHub.API.Controllers.CategoriesController.GetCategories (InventoryHub.API) in 69.3057ms
2026-04-05 16:48:54.993 +09:00 [INF] Executed endpoint 'InventoryHub.API.Controllers.CategoriesController.GetCategories (InventoryHub.API)'
2026-04-05 16:48:54.993 +09:00 [INF] Executed action InventoryHub.API.Controllers.SuppliersController.GetAll (InventoryHub.API) in 69.336ms
2026-04-05 16:48:54.993 +09:00 [INF] Executed action InventoryHub.API.Controllers.ProductsController.GetAll (InventoryHub.API) in 69.6788ms
2026-04-05 16:48:54.993 +09:00 [INF] Executed endpoint 'InventoryHub.API.Controllers.SuppliersController.GetAll (InventoryHub.API)'
2026-04-05 16:48:54.994 +09:00 [INF] Request finished HTTP/1.1 GET http://localhost:5022/api/categories - 200 null application/json; charset=utf-8 77.1691ms
2026-04-05 16:48:54.994 +09:00 [INF] Executed endpoint 'InventoryHub.API.Controllers.ProductsController.GetAll (InventoryHub.API)'
2026-04-05 16:48:54.994 +09:00 [INF] Request finished HTTP/1.1 GET http://localhost:5022/api/suppliers - 200 null application/json; charset=utf-8 77.3517ms
2026-04-05 16:48:54.994 +09:00 [INF] Request finished HTTP/1.1 GET http://localhost:5022/api/products - 200 null application/json; charset=utf-8 77.5776ms
2026-04-05 16:48:57.335 +09:00 [INF] Request starting HTTP/1.1 GET http://localhost:5022/api/suppliers - null null
2026-04-05 16:48:57.335 +09:00 [INF] Request starting HTTP/1.1 GET http://localhost:5022/api/products - null null
2026-04-05 16:48:57.335 +09:00 [INF] Request starting HTTP/1.1 GET http://localhost:5022/api/categories - null null
2026-04-05 16:48:57.338 +09:00 [INF] CORS policy execution successful.
2026-04-05 16:48:57.338 +09:00 [INF] CORS policy execution successful.
2026-04-05 16:48:57.338 +09:00 [INF] Executing endpoint 'InventoryHub.API.Controllers.ProductsController.GetAll (InventoryHub.API)'
2026-04-05 16:48:57.339 +09:00 [INF] Executing endpoint 'InventoryHub.API.Controllers.CategoriesController.GetCategories (InventoryHub.API)'
2026-04-05 16:48:57.338 +09:00 [INF] CORS policy execution successful.
2026-04-05 16:48:57.339 +09:00 [INF] Executing endpoint 'InventoryHub.API.Controllers.SuppliersController.GetAll (InventoryHub.API)'
2026-04-05 16:48:57.341 +09:00 [INF] Route matched with {action = "GetAll", controller = "Products"}. Executing controller action with signature System.Threading.Tasks.Task`1[Microsoft.AspNetCore.Mvc.ActionResult`1[System.Collections.Generic.IEnumerable`1[InventoryHub.API.DTOs.ProductDto]]] GetAll() on controller InventoryHub.API.Controllers.ProductsController (InventoryHub.API).
2026-04-05 16:48:57.343 +09:00 [INF] Route matched with {action = "GetCategories", controller = "Categories"}. Executing controller action with signature System.Threading.Tasks.Task`1[Microsoft.AspNetCore.Mvc.ActionResult`1[System.Collections.Generic.IEnumerable`1[InventoryHub.API.DTOs.CategoryDto]]] GetCategories() on controller InventoryHub.API.Controllers.CategoriesController (InventoryHub.API).
2026-04-05 16:48:57.343 +09:00 [INF] Route matched with {action = "GetAll", controller = "Suppliers"}. Executing controller action with signature System.Threading.Tasks.Task`1[Microsoft.AspNetCore.Mvc.ActionResult`1[System.Collections.Generic.IEnumerable`1[InventoryHub.API.DTOs.SupplierDto]]] GetAll() on controller InventoryHub.API.Controllers.SuppliersController (InventoryHub.API).
2026-04-05 16:48:57.445 +09:00 [INF] Executed DbCommand (1ms) [Parameters=[], CommandType='"Text"', CommandTimeout='30']
SELECT `s`.`id`, `s`.`created_at`, `s`.`is_deleted`, `s`.`name`, `s`.`updated_at`
FROM `suppliers` AS `s`
WHERE NOT (`s`.`is_deleted`)
ORDER BY `s`.`name`
2026-04-05 16:48:57.445 +09:00 [INF] Executed DbCommand (1ms) [Parameters=[], CommandType='"Text"', CommandTimeout='30']
SELECT `c`.`id`, `c`.`created_at`, `c`.`is_deleted`, `c`.`name`, `c`.`updated_at`
FROM `categories` AS `c`
WHERE NOT (`c`.`is_deleted`)
ORDER BY `c`.`name`
2026-04-05 16:48:57.447 +09:00 [INF] Executing OkObjectResult, writing value of type 'System.Collections.Generic.List`1[[InventoryHub.API.DTOs.CategoryDto, InventoryHub.API, Version=1.0.0.0, Culture=neutral, PublicKeyToken=null]]'.
2026-04-05 16:48:57.447 +09:00 [INF] Executing OkObjectResult, writing value of type 'System.Collections.Generic.List`1[[InventoryHub.API.DTOs.SupplierDto, InventoryHub.API, Version=1.0.0.0, Culture=neutral, PublicKeyToken=null]]'.
2026-04-05 16:48:57.447 +09:00 [INF] Executed DbCommand (2ms) [Parameters=[], CommandType='"Text"', CommandTimeout='30']
SELECT `p`.`id`, `p`.`category_id`, `p`.`created_at`, `p`.`is_deleted`, `p`.`name`, `p`.`updated_at`, `c`.`id`, `c`.`created_at`, `c`.`is_deleted`, `c`.`name`, `c`.`updated_at`
FROM `products` AS `p`
INNER JOIN `categories` AS `c` ON `p`.`category_id` = `c`.`id`
WHERE NOT (`p`.`is_deleted`)
ORDER BY `p`.`name`
2026-04-05 16:48:57.447 +09:00 [INF] Executed action InventoryHub.API.Controllers.CategoriesController.GetCategories (InventoryHub.API) in 103.5572ms
2026-04-05 16:48:57.447 +09:00 [INF] Executed action InventoryHub.API.Controllers.SuppliersController.GetAll (InventoryHub.API) in 102.9335ms
2026-04-05 16:48:57.447 +09:00 [INF] Executed endpoint 'InventoryHub.API.Controllers.CategoriesController.GetCategories (InventoryHub.API)'
2026-04-05 16:48:57.447 +09:00 [INF] Executed endpoint 'InventoryHub.API.Controllers.SuppliersController.GetAll (InventoryHub.API)'
2026-04-05 16:48:57.448 +09:00 [INF] Request finished HTTP/1.1 GET http://localhost:5022/api/categories - 200 null application/json; charset=utf-8 112.8832ms
2026-04-05 16:48:57.448 +09:00 [INF] Request finished HTTP/1.1 GET http://localhost:5022/api/suppliers - 200 null application/json; charset=utf-8 112.9328ms
2026-04-05 16:48:57.451 +09:00 [INF] Executing OkObjectResult, writing value of type 'System.Linq.Enumerable+ListSelectIterator`2[[InventoryHub.API.Models.Product, InventoryHub.API, Version=1.0.0.0, Culture=neutral, PublicKeyToken=null],[InventoryHub.API.DTOs.ProductDto, InventoryHub.API, Version=1.0.0.0, Culture=neutral, PublicKeyToken=null]]'.
2026-04-05 16:48:57.454 +09:00 [INF] Executed action InventoryHub.API.Controllers.ProductsController.GetAll (InventoryHub.API) in 111.181ms
2026-04-05 16:48:57.455 +09:00 [INF] Executed endpoint 'InventoryHub.API.Controllers.ProductsController.GetAll (InventoryHub.API)'
2026-04-05 16:48:57.455 +09:00 [INF] Request finished HTTP/1.1 GET http://localhost:5022/api/products - 200 null application/json; charset=utf-8 119.5851ms
2026-04-05 16:48:59.586 +09:00 [INF] Request starting HTTP/1.1 GET http://localhost:5022/api/categories - null null
2026-04-05 16:48:59.586 +09:00 [INF] Request starting HTTP/1.1 GET http://localhost:5022/api/products - null null
2026-04-05 16:48:59.586 +09:00 [INF] Request starting HTTP/1.1 GET http://localhost:5022/api/suppliers - null null
2026-04-05 16:48:59.588 +09:00 [INF] CORS policy execution successful.
2026-04-05 16:48:59.588 +09:00 [INF] CORS policy execution successful.
2026-04-05 16:48:59.588 +09:00 [INF] CORS policy execution successful.
2026-04-05 16:48:59.589 +09:00 [INF] Executing endpoint 'InventoryHub.API.Controllers.CategoriesController.GetCategories (InventoryHub.API)'
2026-04-05 16:48:59.589 +09:00 [INF] Executing endpoint 'InventoryHub.API.Controllers.ProductsController.GetAll (InventoryHub.API)'
2026-04-05 16:48:59.589 +09:00 [INF] Executing endpoint 'InventoryHub.API.Controllers.SuppliersController.GetAll (InventoryHub.API)'
2026-04-05 16:48:59.589 +09:00 [INF] Route matched with {action = "GetAll", controller = "Products"}. Executing controller action with signature System.Threading.Tasks.Task`1[Microsoft.AspNetCore.Mvc.ActionResult`1[System.Collections.Generic.IEnumerable`1[InventoryHub.API.DTOs.ProductDto]]] GetAll() on controller InventoryHub.API.Controllers.ProductsController (InventoryHub.API).
2026-04-05 16:48:59.590 +09:00 [INF] Route matched with {action = "GetAll", controller = "Suppliers"}. Executing controller action with signature System.Threading.Tasks.Task`1[Microsoft.AspNetCore.Mvc.ActionResult`1[System.Collections.Generic.IEnumerable`1[InventoryHub.API.DTOs.SupplierDto]]] GetAll() on controller InventoryHub.API.Controllers.SuppliersController (InventoryHub.API).
2026-04-05 16:48:59.590 +09:00 [INF] Route matched with {action = "GetCategories", controller = "Categories"}. Executing controller action with signature System.Threading.Tasks.Task`1[Microsoft.AspNetCore.Mvc.ActionResult`1[System.Collections.Generic.IEnumerable`1[InventoryHub.API.DTOs.CategoryDto]]] GetCategories() on controller InventoryHub.API.Controllers.CategoriesController (InventoryHub.API).
2026-04-05 16:48:59.636 +09:00 [INF] Executed DbCommand (1ms) [Parameters=[], CommandType='"Text"', CommandTimeout='30']
SELECT `c`.`id`, `c`.`created_at`, `c`.`is_deleted`, `c`.`name`, `c`.`updated_at`
FROM `categories` AS `c`
WHERE NOT (`c`.`is_deleted`)
ORDER BY `c`.`name`
2026-04-05 16:48:59.636 +09:00 [INF] Executed DbCommand (1ms) [Parameters=[], CommandType='"Text"', CommandTimeout='30']
SELECT `p`.`id`, `p`.`category_id`, `p`.`created_at`, `p`.`is_deleted`, `p`.`name`, `p`.`updated_at`, `c`.`id`, `c`.`created_at`, `c`.`is_deleted`, `c`.`name`, `c`.`updated_at`
FROM `products` AS `p`
INNER JOIN `categories` AS `c` ON `p`.`category_id` = `c`.`id`
WHERE NOT (`p`.`is_deleted`)
ORDER BY `p`.`name`
2026-04-05 16:48:59.637 +09:00 [INF] Executing OkObjectResult, writing value of type 'System.Linq.Enumerable+ListSelectIterator`2[[InventoryHub.API.Models.Product, InventoryHub.API, Version=1.0.0.0, Culture=neutral, PublicKeyToken=null],[InventoryHub.API.DTOs.ProductDto, InventoryHub.API, Version=1.0.0.0, Culture=neutral, PublicKeyToken=null]]'.
2026-04-05 16:48:59.637 +09:00 [INF] Executing OkObjectResult, writing value of type 'System.Collections.Generic.List`1[[InventoryHub.API.DTOs.CategoryDto, InventoryHub.API, Version=1.0.0.0, Culture=neutral, PublicKeyToken=null]]'.
2026-04-05 16:48:59.638 +09:00 [INF] Executed action InventoryHub.API.Controllers.ProductsController.GetAll (InventoryHub.API) in 47.4104ms
2026-04-05 16:48:59.638 +09:00 [INF] Executed endpoint 'InventoryHub.API.Controllers.ProductsController.GetAll (InventoryHub.API)'
2026-04-05 16:48:59.638 +09:00 [INF] Request finished HTTP/1.1 GET http://localhost:5022/api/products - 200 null application/json; charset=utf-8 52.2178ms
2026-04-05 16:48:59.638 +09:00 [INF] Executed DbCommand (1ms) [Parameters=[], CommandType='"Text"', CommandTimeout='30']
SELECT `s`.`id`, `s`.`created_at`, `s`.`is_deleted`, `s`.`name`, `s`.`updated_at`
FROM `suppliers` AS `s`
WHERE NOT (`s`.`is_deleted`)
ORDER BY `s`.`name`
2026-04-05 16:48:59.638 +09:00 [INF] Executed action InventoryHub.API.Controllers.CategoriesController.GetCategories (InventoryHub.API) in 47.3218ms
2026-04-05 16:48:59.640 +09:00 [INF] Executed endpoint 'InventoryHub.API.Controllers.CategoriesController.GetCategories (InventoryHub.API)'
2026-04-05 16:48:59.640 +09:00 [INF] Request finished HTTP/1.1 GET http://localhost:5022/api/categories - 200 null application/json; charset=utf-8 54.4401ms
2026-04-05 16:48:59.643 +09:00 [INF] Executing OkObjectResult, writing value of type 'System.Collections.Generic.List`1[[InventoryHub.API.DTOs.SupplierDto, InventoryHub.API, Version=1.0.0.0, Culture=neutral, PublicKeyToken=null]]'.
2026-04-05 16:48:59.643 +09:00 [INF] Executed action InventoryHub.API.Controllers.SuppliersController.GetAll (InventoryHub.API) in 53.0827ms
2026-04-05 16:48:59.643 +09:00 [INF] Executed endpoint 'InventoryHub.API.Controllers.SuppliersController.GetAll (InventoryHub.API)'
2026-04-05 16:48:59.644 +09:00 [INF] Request finished HTTP/1.1 GET http://localhost:5022/api/suppliers - 200 null application/json; charset=utf-8 58.3181ms
2026-04-05 16:49:03.105 +09:00 [INF] Request starting HTTP/1.1 GET http://localhost:5022/api/categories - null null
2026-04-05 16:49:03.105 +09:00 [INF] Request starting HTTP/1.1 GET http://localhost:5022/api/products - null null
2026-04-05 16:49:03.105 +09:00 [INF] Request starting HTTP/1.1 GET http://localhost:5022/api/suppliers - null null
2026-04-05 16:49:03.108 +09:00 [INF] CORS policy execution successful.
2026-04-05 16:49:03.108 +09:00 [INF] CORS policy execution successful.
2026-04-05 16:49:03.108 +09:00 [INF] CORS policy execution successful.
2026-04-05 16:49:03.108 +09:00 [INF] Executing endpoint 'InventoryHub.API.Controllers.CategoriesController.GetCategories (InventoryHub.API)'
2026-04-05 16:49:03.108 +09:00 [INF] Executing endpoint 'InventoryHub.API.Controllers.ProductsController.GetAll (InventoryHub.API)'
2026-04-05 16:49:03.108 +09:00 [INF] Executing endpoint 'InventoryHub.API.Controllers.SuppliersController.GetAll (InventoryHub.API)'
2026-04-05 16:49:03.109 +09:00 [INF] Route matched with {action = "GetAll", controller = "Products"}. Executing controller action with signature System.Threading.Tasks.Task`1[Microsoft.AspNetCore.Mvc.ActionResult`1[System.Collections.Generic.IEnumerable`1[InventoryHub.API.DTOs.ProductDto]]] GetAll() on controller InventoryHub.API.Controllers.ProductsController (InventoryHub.API).
2026-04-05 16:49:03.109 +09:00 [INF] Route matched with {action = "GetAll", controller = "Suppliers"}. Executing controller action with signature System.Threading.Tasks.Task`1[Microsoft.AspNetCore.Mvc.ActionResult`1[System.Collections.Generic.IEnumerable`1[InventoryHub.API.DTOs.SupplierDto]]] GetAll() on controller InventoryHub.API.Controllers.SuppliersController (InventoryHub.API).
2026-04-05 16:49:03.109 +09:00 [INF] Route matched with {action = "GetCategories", controller = "Categories"}. Executing controller action with signature System.Threading.Tasks.Task`1[Microsoft.AspNetCore.Mvc.ActionResult`1[System.Collections.Generic.IEnumerable`1[InventoryHub.API.DTOs.CategoryDto]]] GetCategories() on controller InventoryHub.API.Controllers.CategoriesController (InventoryHub.API).
2026-04-05 16:49:03.158 +09:00 [INF] Executed DbCommand (4ms) [Parameters=[], CommandType='"Text"', CommandTimeout='30']
SELECT `s`.`id`, `s`.`created_at`, `s`.`is_deleted`, `s`.`name`, `s`.`updated_at`
FROM `suppliers` AS `s`
WHERE NOT (`s`.`is_deleted`)
ORDER BY `s`.`name`
2026-04-05 16:49:03.158 +09:00 [INF] Executed DbCommand (5ms) [Parameters=[], CommandType='"Text"', CommandTimeout='30']
SELECT `c`.`id`, `c`.`created_at`, `c`.`is_deleted`, `c`.`name`, `c`.`updated_at`
FROM `categories` AS `c`
WHERE NOT (`c`.`is_deleted`)
ORDER BY `c`.`name`
2026-04-05 16:49:03.160 +09:00 [INF] Executing OkObjectResult, writing value of type 'System.Collections.Generic.List`1[[InventoryHub.API.DTOs.SupplierDto, InventoryHub.API, Version=1.0.0.0, Culture=neutral, PublicKeyToken=null]]'.
2026-04-05 16:49:03.160 +09:00 [INF] Executing OkObjectResult, writing value of type 'System.Collections.Generic.List`1[[InventoryHub.API.DTOs.CategoryDto, InventoryHub.API, Version=1.0.0.0, Culture=neutral, PublicKeyToken=null]]'.
2026-04-05 16:49:03.160 +09:00 [INF] Executed DbCommand (1ms) [Parameters=[], CommandType='"Text"', CommandTimeout='30']
SELECT `p`.`id`, `p`.`category_id`, `p`.`created_at`, `p`.`is_deleted`, `p`.`name`, `p`.`updated_at`, `c`.`id`, `c`.`created_at`, `c`.`is_deleted`, `c`.`name`, `c`.`updated_at`
FROM `products` AS `p`
INNER JOIN `categories` AS `c` ON `p`.`category_id` = `c`.`id`
WHERE NOT (`p`.`is_deleted`)
ORDER BY `p`.`name`
2026-04-05 16:49:03.160 +09:00 [INF] Executed action InventoryHub.API.Controllers.CategoriesController.GetCategories (InventoryHub.API) in 50.6841ms
2026-04-05 16:49:03.160 +09:00 [INF] Executed action InventoryHub.API.Controllers.SuppliersController.GetAll (InventoryHub.API) in 50.8418ms
2026-04-05 16:49:03.160 +09:00 [INF] Executed endpoint 'InventoryHub.API.Controllers.CategoriesController.GetCategories (InventoryHub.API)'
2026-04-05 16:49:03.160 +09:00 [INF] Executed endpoint 'InventoryHub.API.Controllers.SuppliersController.GetAll (InventoryHub.API)'
2026-04-05 16:49:03.160 +09:00 [INF] Request finished HTTP/1.1 GET http://localhost:5022/api/suppliers - 200 null application/json; charset=utf-8 55.6976ms
2026-04-05 16:49:03.161 +09:00 [INF] Executing OkObjectResult, writing value of type 'System.Linq.Enumerable+ListSelectIterator`2[[InventoryHub.API.Models.Product, InventoryHub.API, Version=1.0.0.0, Culture=neutral, PublicKeyToken=null],[InventoryHub.API.DTOs.ProductDto, InventoryHub.API, Version=1.0.0.0, Culture=neutral, PublicKeyToken=null]]'.
2026-04-05 16:49:03.160 +09:00 [INF] Request finished HTTP/1.1 GET http://localhost:5022/api/categories - 200 null application/json; charset=utf-8 55.7141ms
2026-04-05 16:49:03.162 +09:00 [INF] Executed action InventoryHub.API.Controllers.ProductsController.GetAll (InventoryHub.API) in 53.3198ms
2026-04-05 16:49:03.162 +09:00 [INF] Executed endpoint 'InventoryHub.API.Controllers.ProductsController.GetAll (InventoryHub.API)'
2026-04-05 16:49:03.163 +09:00 [INF] Request finished HTTP/1.1 GET http://localhost:5022/api/products - 200 null application/json; charset=utf-8 57.9387ms
2026-04-05 16:51:16.028 +09:00 [INF] Request starting HTTP/1.1 GET http://localhost:5022/api/suppliers - null null
2026-04-05 16:51:16.028 +09:00 [INF] Request starting HTTP/1.1 GET http://localhost:5022/api/categories - null null
2026-04-05 16:51:16.031 +09:00 [INF] Request starting HTTP/1.1 GET http://localhost:5022/api/products - null null
2026-04-05 16:51:16.032 +09:00 [INF] CORS policy execution successful.
2026-04-05 16:51:16.032 +09:00 [INF] CORS policy execution successful.
2026-04-05 16:51:16.032 +09:00 [INF] CORS policy execution successful.
2026-04-05 16:51:16.033 +09:00 [INF] Executing endpoint 'InventoryHub.API.Controllers.SuppliersController.GetAll (InventoryHub.API)'
2026-04-05 16:51:16.033 +09:00 [INF] Executing endpoint 'InventoryHub.API.Controllers.ProductsController.GetAll (InventoryHub.API)'
2026-04-05 16:51:16.033 +09:00 [INF] Executing endpoint 'InventoryHub.API.Controllers.CategoriesController.GetCategories (InventoryHub.API)'
2026-04-05 16:51:16.035 +09:00 [INF] Route matched with {action = "GetAll", controller = "Products"}. Executing controller action with signature System.Threading.Tasks.Task`1[Microsoft.AspNetCore.Mvc.ActionResult`1[System.Collections.Generic.IEnumerable`1[InventoryHub.API.DTOs.ProductDto]]] GetAll() on controller InventoryHub.API.Controllers.ProductsController (InventoryHub.API).
2026-04-05 16:51:16.035 +09:00 [INF] Route matched with {action = "GetCategories", controller = "Categories"}. Executing controller action with signature System.Threading.Tasks.Task`1[Microsoft.AspNetCore.Mvc.ActionResult`1[System.Collections.Generic.IEnumerable`1[InventoryHub.API.DTOs.CategoryDto]]] GetCategories() on controller InventoryHub.API.Controllers.CategoriesController (InventoryHub.API).
2026-04-05 16:51:16.035 +09:00 [INF] Route matched with {action = "GetAll", controller = "Suppliers"}. Executing controller action with signature System.Threading.Tasks.Task`1[Microsoft.AspNetCore.Mvc.ActionResult`1[System.Collections.Generic.IEnumerable`1[InventoryHub.API.DTOs.SupplierDto]]] GetAll() on controller InventoryHub.API.Controllers.SuppliersController (InventoryHub.API).
2026-04-05 16:51:16.284 +09:00 [INF] Executed DbCommand (12ms) [Parameters=[], CommandType='"Text"', CommandTimeout='30']
SELECT `c`.`id`, `c`.`created_at`, `c`.`is_deleted`, `c`.`name`, `c`.`updated_at`
FROM `categories` AS `c`
WHERE NOT (`c`.`is_deleted`)
ORDER BY `c`.`name`
2026-04-05 16:51:16.284 +09:00 [INF] Executed DbCommand (12ms) [Parameters=[], CommandType='"Text"', CommandTimeout='30']
SELECT `s`.`id`, `s`.`created_at`, `s`.`is_deleted`, `s`.`name`, `s`.`updated_at`
FROM `suppliers` AS `s`
WHERE NOT (`s`.`is_deleted`)
ORDER BY `s`.`name`
2026-04-05 16:51:16.284 +09:00 [INF] Executed DbCommand (12ms) [Parameters=[], CommandType='"Text"', CommandTimeout='30']
SELECT `p`.`id`, `p`.`category_id`, `p`.`created_at`, `p`.`is_deleted`, `p`.`name`, `p`.`updated_at`, `c`.`id`, `c`.`created_at`, `c`.`is_deleted`, `c`.`name`, `c`.`updated_at`
FROM `products` AS `p`
INNER JOIN `categories` AS `c` ON `p`.`category_id` = `c`.`id`
WHERE NOT (`p`.`is_deleted`)
ORDER BY `p`.`name`
2026-04-05 16:51:16.285 +09:00 [INF] Executing OkObjectResult, writing value of type 'System.Collections.Generic.List`1[[InventoryHub.API.DTOs.CategoryDto, InventoryHub.API, Version=1.0.0.0, Culture=neutral, PublicKeyToken=null]]'.
2026-04-05 16:51:16.285 +09:00 [INF] Executing OkObjectResult, writing value of type 'System.Collections.Generic.List`1[[InventoryHub.API.DTOs.SupplierDto, InventoryHub.API, Version=1.0.0.0, Culture=neutral, PublicKeyToken=null]]'.
2026-04-05 16:51:16.285 +09:00 [INF] Executing OkObjectResult, writing value of type 'System.Linq.Enumerable+ListSelectIterator`2[[InventoryHub.API.Models.Product, InventoryHub.API, Version=1.0.0.0, Culture=neutral, PublicKeyToken=null],[InventoryHub.API.DTOs.ProductDto, InventoryHub.API, Version=1.0.0.0, Culture=neutral, PublicKeyToken=null]]'.
2026-04-05 16:51:16.285 +09:00 [INF] Executed action InventoryHub.API.Controllers.SuppliersController.GetAll (InventoryHub.API) in 249.9263ms
2026-04-05 16:51:16.285 +09:00 [INF] Executed endpoint 'InventoryHub.API.Controllers.SuppliersController.GetAll (InventoryHub.API)'
2026-04-05 16:51:16.285 +09:00 [INF] Executed action InventoryHub.API.Controllers.CategoriesController.GetCategories (InventoryHub.API) in 249.7672ms
2026-04-05 16:51:16.285 +09:00 [INF] Executed endpoint 'InventoryHub.API.Controllers.CategoriesController.GetCategories (InventoryHub.API)'
2026-04-05 16:51:16.285 +09:00 [INF] Request finished HTTP/1.1 GET http://localhost:5022/api/suppliers - 200 null application/json; charset=utf-8 257.7252ms
2026-04-05 16:51:16.285 +09:00 [INF] Executed action InventoryHub.API.Controllers.ProductsController.GetAll (InventoryHub.API) in 250.216ms
2026-04-05 16:51:16.286 +09:00 [INF] Request finished HTTP/1.1 GET http://localhost:5022/api/categories - 200 null application/json; charset=utf-8 257.679ms
2026-04-05 16:51:16.286 +09:00 [INF] Executed endpoint 'InventoryHub.API.Controllers.ProductsController.GetAll (InventoryHub.API)'
2026-04-05 16:51:16.286 +09:00 [INF] Request finished HTTP/1.1 GET http://localhost:5022/api/products - 200 null application/json; charset=utf-8 255.1332ms
2026-04-05 16:51:19.370 +09:00 [INF] Request starting HTTP/1.1 GET http://localhost:5022/api/categories - null null
2026-04-05 16:51:19.370 +09:00 [INF] Request starting HTTP/1.1 GET http://localhost:5022/api/products - null null
2026-04-05 16:51:19.370 +09:00 [INF] Request starting HTTP/1.1 GET http://localhost:5022/api/suppliers - null null
2026-04-05 16:51:19.378 +09:00 [INF] CORS policy execution successful.
2026-04-05 16:51:19.378 +09:00 [INF] CORS policy execution successful.
2026-04-05 16:51:19.378 +09:00 [INF] CORS policy execution successful.
2026-04-05 16:51:19.380 +09:00 [INF] Executing endpoint 'InventoryHub.API.Controllers.SuppliersController.GetAll (InventoryHub.API)'
2026-04-05 16:51:19.380 +09:00 [INF] Executing endpoint 'InventoryHub.API.Controllers.CategoriesController.GetCategories (InventoryHub.API)'
2026-04-05 16:51:19.380 +09:00 [INF] Executing endpoint 'InventoryHub.API.Controllers.ProductsController.GetAll (InventoryHub.API)'
2026-04-05 16:51:19.381 +09:00 [INF] Route matched with {action = "GetAll", controller = "Products"}. Executing controller action with signature System.Threading.Tasks.Task`1[Microsoft.AspNetCore.Mvc.ActionResult`1[System.Collections.Generic.IEnumerable`1[InventoryHub.API.DTOs.ProductDto]]] GetAll() on controller InventoryHub.API.Controllers.ProductsController (InventoryHub.API).
2026-04-05 16:51:19.381 +09:00 [INF] Route matched with {action = "GetCategories", controller = "Categories"}. Executing controller action with signature System.Threading.Tasks.Task`1[Microsoft.AspNetCore.Mvc.ActionResult`1[System.Collections.Generic.IEnumerable`1[InventoryHub.API.DTOs.CategoryDto]]] GetCategories() on controller InventoryHub.API.Controllers.CategoriesController (InventoryHub.API).
2026-04-05 16:51:19.381 +09:00 [INF] Route matched with {action = "GetAll", controller = "Suppliers"}. Executing controller action with signature System.Threading.Tasks.Task`1[Microsoft.AspNetCore.Mvc.ActionResult`1[System.Collections.Generic.IEnumerable`1[InventoryHub.API.DTOs.SupplierDto]]] GetAll() on controller InventoryHub.API.Controllers.SuppliersController (InventoryHub.API).
2026-04-05 16:51:19.414 +09:00 [INF] Executed DbCommand (1ms) [Parameters=[], CommandType='"Text"', CommandTimeout='30']
SELECT `s`.`id`, `s`.`created_at`, `s`.`is_deleted`, `s`.`name`, `s`.`updated_at`
FROM `suppliers` AS `s`
WHERE NOT (`s`.`is_deleted`)
ORDER BY `s`.`name`
2026-04-05 16:51:19.414 +09:00 [INF] Executed DbCommand (1ms) [Parameters=[], CommandType='"Text"', CommandTimeout='30']
SELECT `c`.`id`, `c`.`created_at`, `c`.`is_deleted`, `c`.`name`, `c`.`updated_at`
FROM `categories` AS `c`
WHERE NOT (`c`.`is_deleted`)
ORDER BY `c`.`name`
2026-04-05 16:51:19.414 +09:00 [INF] Executed DbCommand (1ms) [Parameters=[], CommandType='"Text"', CommandTimeout='30']
SELECT `p`.`id`, `p`.`category_id`, `p`.`created_at`, `p`.`is_deleted`, `p`.`name`, `p`.`updated_at`, `c`.`id`, `c`.`created_at`, `c`.`is_deleted`, `c`.`name`, `c`.`updated_at`
FROM `products` AS `p`
INNER JOIN `categories` AS `c` ON `p`.`category_id` = `c`.`id`
WHERE NOT (`p`.`is_deleted`)
ORDER BY `p`.`name`
2026-04-05 16:51:19.415 +09:00 [INF] Executing OkObjectResult, writing value of type 'System.Collections.Generic.List`1[[InventoryHub.API.DTOs.SupplierDto, InventoryHub.API, Version=1.0.0.0, Culture=neutral, PublicKeyToken=null]]'.
2026-04-05 16:51:19.415 +09:00 [INF] Executing OkObjectResult, writing value of type 'System.Collections.Generic.List`1[[InventoryHub.API.DTOs.CategoryDto, InventoryHub.API, Version=1.0.0.0, Culture=neutral, PublicKeyToken=null]]'.
2026-04-05 16:51:19.415 +09:00 [INF] Executing OkObjectResult, writing value of type 'System.Linq.Enumerable+ListSelectIterator`2[[InventoryHub.API.Models.Product, InventoryHub.API, Version=1.0.0.0, Culture=neutral, PublicKeyToken=null],[InventoryHub.API.DTOs.ProductDto, InventoryHub.API, Version=1.0.0.0, Culture=neutral, PublicKeyToken=null]]'.
2026-04-05 16:51:19.415 +09:00 [INF] Executed action InventoryHub.API.Controllers.SuppliersController.GetAll (InventoryHub.API) in 33.7861ms
2026-04-05 16:51:19.415 +09:00 [INF] Executed action InventoryHub.API.Controllers.ProductsController.GetAll (InventoryHub.API) in 34.1017ms
2026-04-05 16:51:19.415 +09:00 [INF] Executed endpoint 'InventoryHub.API.Controllers.SuppliersController.GetAll (InventoryHub.API)'
2026-04-05 16:51:19.415 +09:00 [INF] Executed endpoint 'InventoryHub.API.Controllers.ProductsController.GetAll (InventoryHub.API)'
2026-04-05 16:51:19.415 +09:00 [INF] Executed action InventoryHub.API.Controllers.CategoriesController.GetCategories (InventoryHub.API) in 34.0472ms
2026-04-05 16:51:19.415 +09:00 [INF] Request finished HTTP/1.1 GET http://localhost:5022/api/products - 200 null application/json; charset=utf-8 45.4388ms
2026-04-05 16:51:19.415 +09:00 [INF] Request finished HTTP/1.1 GET http://localhost:5022/api/suppliers - 200 null application/json; charset=utf-8 45.3643ms
2026-04-05 16:51:19.415 +09:00 [INF] Executed endpoint 'InventoryHub.API.Controllers.CategoriesController.GetCategories (InventoryHub.API)'
2026-04-05 16:51:19.415 +09:00 [INF] Request finished HTTP/1.1 GET http://localhost:5022/api/categories - 200 null application/json; charset=utf-8 45.6434ms
2026-04-05 16:53:07.169 +09:00 [INF] Request starting HTTP/1.1 GET http://localhost:5022/api/suppliers - null null
2026-04-05 16:53:07.169 +09:00 [INF] Request starting HTTP/1.1 GET http://localhost:5022/api/categories - null null
2026-04-05 16:53:07.169 +09:00 [INF] Request starting HTTP/1.1 GET http://localhost:5022/api/products - null null
2026-04-05 16:53:07.170 +09:00 [INF] CORS policy execution successful.
2026-04-05 16:53:07.170 +09:00 [INF] CORS policy execution successful.
2026-04-05 16:53:07.170 +09:00 [INF] CORS policy execution successful.
2026-04-05 16:53:07.171 +09:00 [INF] Executing endpoint 'InventoryHub.API.Controllers.SuppliersController.GetAll (InventoryHub.API)'
2026-04-05 16:53:07.171 +09:00 [INF] Executing endpoint 'InventoryHub.API.Controllers.CategoriesController.GetCategories (InventoryHub.API)'
2026-04-05 16:53:07.171 +09:00 [INF] Executing endpoint 'InventoryHub.API.Controllers.ProductsController.GetAll (InventoryHub.API)'
2026-04-05 16:53:07.171 +09:00 [INF] Route matched with {action = "GetAll", controller = "Products"}. Executing controller action with signature System.Threading.Tasks.Task`1[Microsoft.AspNetCore.Mvc.ActionResult`1[System.Collections.Generic.IEnumerable`1[InventoryHub.API.DTOs.ProductDto]]] GetAll() on controller InventoryHub.API.Controllers.ProductsController (InventoryHub.API).
2026-04-05 16:53:07.171 +09:00 [INF] Route matched with {action = "GetAll", controller = "Suppliers"}. Executing controller action with signature System.Threading.Tasks.Task`1[Microsoft.AspNetCore.Mvc.ActionResult`1[System.Collections.Generic.IEnumerable`1[InventoryHub.API.DTOs.SupplierDto]]] GetAll() on controller InventoryHub.API.Controllers.SuppliersController (InventoryHub.API).
2026-04-05 16:53:07.171 +09:00 [INF] Route matched with {action = "GetCategories", controller = "Categories"}. Executing controller action with signature System.Threading.Tasks.Task`1[Microsoft.AspNetCore.Mvc.ActionResult`1[System.Collections.Generic.IEnumerable`1[InventoryHub.API.DTOs.CategoryDto]]] GetCategories() on controller InventoryHub.API.Controllers.CategoriesController (InventoryHub.API).
2026-04-05 16:53:07.217 +09:00 [INF] Executed DbCommand (1ms) [Parameters=[], CommandType='"Text"', CommandTimeout='30']
SELECT `c`.`id`, `c`.`created_at`, `c`.`is_deleted`, `c`.`name`, `c`.`updated_at`
FROM `categories` AS `c`
WHERE NOT (`c`.`is_deleted`)
ORDER BY `c`.`name`
2026-04-05 16:53:07.217 +09:00 [INF] Executed DbCommand (1ms) [Parameters=[], CommandType='"Text"', CommandTimeout='30']
SELECT `s`.`id`, `s`.`created_at`, `s`.`is_deleted`, `s`.`name`, `s`.`updated_at`
FROM `suppliers` AS `s`
WHERE NOT (`s`.`is_deleted`)
ORDER BY `s`.`name`
2026-04-05 16:53:07.217 +09:00 [INF] Executed DbCommand (1ms) [Parameters=[], CommandType='"Text"', CommandTimeout='30']
SELECT `p`.`id`, `p`.`category_id`, `p`.`created_at`, `p`.`is_deleted`, `p`.`name`, `p`.`updated_at`, `c`.`id`, `c`.`created_at`, `c`.`is_deleted`, `c`.`name`, `c`.`updated_at`
FROM `products` AS `p`
INNER JOIN `categories` AS `c` ON `p`.`category_id` = `c`.`id`
WHERE NOT (`p`.`is_deleted`)
ORDER BY `p`.`name`
2026-04-05 16:53:07.218 +09:00 [INF] Executing OkObjectResult, writing value of type 'System.Collections.Generic.List`1[[InventoryHub.API.DTOs.CategoryDto, InventoryHub.API, Version=1.0.0.0, Culture=neutral, PublicKeyToken=null]]'.
2026-04-05 16:53:07.218 +09:00 [INF] Executing OkObjectResult, writing value of type 'System.Collections.Generic.List`1[[InventoryHub.API.DTOs.SupplierDto, InventoryHub.API, Version=1.0.0.0, Culture=neutral, PublicKeyToken=null]]'.
2026-04-05 16:53:07.218 +09:00 [INF] Executing OkObjectResult, writing value of type 'System.Linq.Enumerable+ListSelectIterator`2[[InventoryHub.API.Models.Product, InventoryHub.API, Version=1.0.0.0, Culture=neutral, PublicKeyToken=null],[InventoryHub.API.DTOs.ProductDto, InventoryHub.API, Version=1.0.0.0, Culture=neutral, PublicKeyToken=null]]'.
2026-04-05 16:53:07.218 +09:00 [INF] Executed action InventoryHub.API.Controllers.CategoriesController.GetCategories (InventoryHub.API) in 46.9695ms
2026-04-05 16:53:07.218 +09:00 [INF] Executed endpoint 'InventoryHub.API.Controllers.CategoriesController.GetCategories (InventoryHub.API)'
2026-04-05 16:53:07.218 +09:00 [INF] Executed action InventoryHub.API.Controllers.SuppliersController.GetAll (InventoryHub.API) in 47.1817ms
2026-04-05 16:53:07.218 +09:00 [INF] Request finished HTTP/1.1 GET http://localhost:5022/api/categories - 200 null application/json; charset=utf-8 50.3132ms
2026-04-05 16:53:07.219 +09:00 [INF] Executed action InventoryHub.API.Controllers.ProductsController.GetAll (InventoryHub.API) in 47.6367ms
2026-04-05 16:53:07.219 +09:00 [INF] Executed endpoint 'InventoryHub.API.Controllers.ProductsController.GetAll (InventoryHub.API)'
2026-04-05 16:53:07.219 +09:00 [INF] Executed endpoint 'InventoryHub.API.Controllers.SuppliersController.GetAll (InventoryHub.API)'
2026-04-05 16:53:07.219 +09:00 [INF] Request finished HTTP/1.1 GET http://localhost:5022/api/products - 200 null application/json; charset=utf-8 50.6517ms
2026-04-05 16:53:07.219 +09:00 [INF] Request finished HTTP/1.1 GET http://localhost:5022/api/suppliers - 200 null application/json; charset=utf-8 50.8445ms
2026-04-05 16:53:10.181 +09:00 [INF] Request starting HTTP/1.1 GET http://localhost:5022/api/categories - null null
2026-04-05 16:53:10.182 +09:00 [INF] Request starting HTTP/1.1 GET http://localhost:5022/api/suppliers - null null
2026-04-05 16:53:10.181 +09:00 [INF] Request starting HTTP/1.1 GET http://localhost:5022/api/products - null null
2026-04-05 16:53:10.190 +09:00 [INF] CORS policy execution successful.
2026-04-05 16:53:10.190 +09:00 [INF] CORS policy execution successful.
2026-04-05 16:53:10.190 +09:00 [INF] CORS policy execution successful.
2026-04-05 16:53:10.192 +09:00 [INF] Executing endpoint 'InventoryHub.API.Controllers.SuppliersController.GetAll (InventoryHub.API)'
2026-04-05 16:53:10.192 +09:00 [INF] Executing endpoint 'InventoryHub.API.Controllers.ProductsController.GetAll (InventoryHub.API)'
2026-04-05 16:53:10.192 +09:00 [INF] Executing endpoint 'InventoryHub.API.Controllers.CategoriesController.GetCategories (InventoryHub.API)'
2026-04-05 16:53:10.193 +09:00 [INF] Route matched with {action = "GetAll", controller = "Suppliers"}. Executing controller action with signature System.Threading.Tasks.Task`1[Microsoft.AspNetCore.Mvc.ActionResult`1[System.Collections.Generic.IEnumerable`1[InventoryHub.API.DTOs.SupplierDto]]] GetAll() on controller InventoryHub.API.Controllers.SuppliersController (InventoryHub.API).
2026-04-05 16:53:10.193 +09:00 [INF] Route matched with {action = "GetCategories", controller = "Categories"}. Executing controller action with signature System.Threading.Tasks.Task`1[Microsoft.AspNetCore.Mvc.ActionResult`1[System.Collections.Generic.IEnumerable`1[InventoryHub.API.DTOs.CategoryDto]]] GetCategories() on controller InventoryHub.API.Controllers.CategoriesController (InventoryHub.API).
2026-04-05 16:53:10.193 +09:00 [INF] Route matched with {action = "GetAll", controller = "Products"}. Executing controller action with signature System.Threading.Tasks.Task`1[Microsoft.AspNetCore.Mvc.ActionResult`1[System.Collections.Generic.IEnumerable`1[InventoryHub.API.DTOs.ProductDto]]] GetAll() on controller InventoryHub.API.Controllers.ProductsController (InventoryHub.API).
2026-04-05 16:53:10.236 +09:00 [INF] Executed DbCommand (3ms) [Parameters=[], CommandType='"Text"', CommandTimeout='30']
SELECT `s`.`id`, `s`.`created_at`, `s`.`is_deleted`, `s`.`name`, `s`.`updated_at`
FROM `suppliers` AS `s`
WHERE NOT (`s`.`is_deleted`)
ORDER BY `s`.`name`
2026-04-05 16:53:10.236 +09:00 [INF] Executed DbCommand (3ms) [Parameters=[], CommandType='"Text"', CommandTimeout='30']
SELECT `c`.`id`, `c`.`created_at`, `c`.`is_deleted`, `c`.`name`, `c`.`updated_at`
FROM `categories` AS `c`
WHERE NOT (`c`.`is_deleted`)
ORDER BY `c`.`name`
2026-04-05 16:53:10.237 +09:00 [INF] Executing OkObjectResult, writing value of type 'System.Collections.Generic.List`1[[InventoryHub.API.DTOs.CategoryDto, InventoryHub.API, Version=1.0.0.0, Culture=neutral, PublicKeyToken=null]]'.
2026-04-05 16:53:10.237 +09:00 [INF] Executing OkObjectResult, writing value of type 'System.Collections.Generic.List`1[[InventoryHub.API.DTOs.SupplierDto, InventoryHub.API, Version=1.0.0.0, Culture=neutral, PublicKeyToken=null]]'.
2026-04-05 16:53:10.237 +09:00 [INF] Executed action InventoryHub.API.Controllers.CategoriesController.GetCategories (InventoryHub.API) in 43.8282ms
2026-04-05 16:53:10.237 +09:00 [INF] Executed action InventoryHub.API.Controllers.SuppliersController.GetAll (InventoryHub.API) in 44.0297ms
2026-04-05 16:53:10.237 +09:00 [INF] Executed endpoint 'InventoryHub.API.Controllers.CategoriesController.GetCategories (InventoryHub.API)'
2026-04-05 16:53:10.237 +09:00 [INF] Executed endpoint 'InventoryHub.API.Controllers.SuppliersController.GetAll (InventoryHub.API)'
2026-04-05 16:53:10.238 +09:00 [INF] Request finished HTTP/1.1 GET http://localhost:5022/api/categories - 200 null application/json; charset=utf-8 56.2241ms
2026-04-05 16:53:10.238 +09:00 [INF] Request finished HTTP/1.1 GET http://localhost:5022/api/suppliers - 200 null application/json; charset=utf-8 56.3349ms
2026-04-05 16:53:10.241 +09:00 [INF] Executed DbCommand (8ms) [Parameters=[], CommandType='"Text"', CommandTimeout='30']
SELECT `p`.`id`, `p`.`category_id`, `p`.`created_at`, `p`.`is_deleted`, `p`.`name`, `p`.`updated_at`, `c`.`id`, `c`.`created_at`, `c`.`is_deleted`, `c`.`name`, `c`.`updated_at`
FROM `products` AS `p`
INNER JOIN `categories` AS `c` ON `p`.`category_id` = `c`.`id`
WHERE NOT (`p`.`is_deleted`)
ORDER BY `p`.`name`
2026-04-05 16:53:10.242 +09:00 [INF] Executing OkObjectResult, writing value of type 'System.Linq.Enumerable+ListSelectIterator`2[[InventoryHub.API.Models.Product, InventoryHub.API, Version=1.0.0.0, Culture=neutral, PublicKeyToken=null],[InventoryHub.API.DTOs.ProductDto, InventoryHub.API, Version=1.0.0.0, Culture=neutral, PublicKeyToken=null]]'.
2026-04-05 16:53:10.242 +09:00 [INF] Executed action InventoryHub.API.Controllers.ProductsController.GetAll (InventoryHub.API) in 48.7289ms
2026-04-05 16:53:10.242 +09:00 [INF] Executed endpoint 'InventoryHub.API.Controllers.ProductsController.GetAll (InventoryHub.API)'
2026-04-05 16:53:10.243 +09:00 [INF] Request finished HTTP/1.1 GET http://localhost:5022/api/products - 200 null application/json; charset=utf-8 61.2412ms
2026-04-05 16:53:16.140 +09:00 [INF] Request starting HTTP/1.1 GET http://localhost:5022/api/products - null null
2026-04-05 16:53:16.140 +09:00 [INF] Request starting HTTP/1.1 GET http://localhost:5022/api/suppliers - null null
2026-04-05 16:53:16.140 +09:00 [INF] Request starting HTTP/1.1 GET http://localhost:5022/api/categories - null null
2026-04-05 16:53:16.142 +09:00 [INF] CORS policy execution successful.
2026-04-05 16:53:16.143 +09:00 [INF] CORS policy execution successful.
2026-04-05 16:53:16.142 +09:00 [INF] CORS policy execution successful.
2026-04-05 16:53:16.143 +09:00 [INF] Executing endpoint 'InventoryHub.API.Controllers.CategoriesController.GetCategories (InventoryHub.API)'
2026-04-05 16:53:16.143 +09:00 [INF] Executing endpoint 'InventoryHub.API.Controllers.ProductsController.GetAll (InventoryHub.API)'
2026-04-05 16:53:16.143 +09:00 [INF] Executing endpoint 'InventoryHub.API.Controllers.SuppliersController.GetAll (InventoryHub.API)'
2026-04-05 16:53:16.145 +09:00 [INF] Route matched with {action = "GetAll", controller = "Products"}. Executing controller action with signature System.Threading.Tasks.Task`1[Microsoft.AspNetCore.Mvc.ActionResult`1[System.Collections.Generic.IEnumerable`1[InventoryHub.API.DTOs.ProductDto]]] GetAll() on controller InventoryHub.API.Controllers.ProductsController (InventoryHub.API).
2026-04-05 16:53:16.145 +09:00 [INF] Route matched with {action = "GetCategories", controller = "Categories"}. Executing controller action with signature System.Threading.Tasks.Task`1[Microsoft.AspNetCore.Mvc.ActionResult`1[System.Collections.Generic.IEnumerable`1[InventoryHub.API.DTOs.CategoryDto]]] GetCategories() on controller InventoryHub.API.Controllers.CategoriesController (InventoryHub.API).
2026-04-05 16:53:16.145 +09:00 [INF] Route matched with {action = "GetAll", controller = "Suppliers"}. Executing controller action with signature System.Threading.Tasks.Task`1[Microsoft.AspNetCore.Mvc.ActionResult`1[System.Collections.Generic.IEnumerable`1[InventoryHub.API.DTOs.SupplierDto]]] GetAll() on controller InventoryHub.API.Controllers.SuppliersController (InventoryHub.API).
2026-04-05 16:53:16.218 +09:00 [INF] Executed DbCommand (1ms) [Parameters=[], CommandType='"Text"', CommandTimeout='30']
SELECT `p`.`id`, `p`.`category_id`, `p`.`created_at`, `p`.`is_deleted`, `p`.`name`, `p`.`updated_at`, `c`.`id`, `c`.`created_at`, `c`.`is_deleted`, `c`.`name`, `c`.`updated_at`
FROM `products` AS `p`
INNER JOIN `categories` AS `c` ON `p`.`category_id` = `c`.`id`
WHERE NOT (`p`.`is_deleted`)
ORDER BY `p`.`name`
2026-04-05 16:53:16.218 +09:00 [INF] Executed DbCommand (1ms) [Parameters=[], CommandType='"Text"', CommandTimeout='30']
SELECT `c`.`id`, `c`.`created_at`, `c`.`is_deleted`, `c`.`name`, `c`.`updated_at`
FROM `categories` AS `c`
WHERE NOT (`c`.`is_deleted`)
ORDER BY `c`.`name`
2026-04-05 16:53:16.218 +09:00 [INF] Executed DbCommand (1ms) [Parameters=[], CommandType='"Text"', CommandTimeout='30']
SELECT `s`.`id`, `s`.`created_at`, `s`.`is_deleted`, `s`.`name`, `s`.`updated_at`
FROM `suppliers` AS `s`
WHERE NOT (`s`.`is_deleted`)
ORDER BY `s`.`name`
2026-04-05 16:53:16.219 +09:00 [INF] Executing OkObjectResult, writing value of type 'System.Collections.Generic.List`1[[InventoryHub.API.DTOs.CategoryDto, InventoryHub.API, Version=1.0.0.0, Culture=neutral, PublicKeyToken=null]]'.
2026-04-05 16:53:16.219 +09:00 [INF] Executing OkObjectResult, writing value of type 'System.Collections.Generic.List`1[[InventoryHub.API.DTOs.SupplierDto, InventoryHub.API, Version=1.0.0.0, Culture=neutral, PublicKeyToken=null]]'.
2026-04-05 16:53:16.219 +09:00 [INF] Executing OkObjectResult, writing value of type 'System.Linq.Enumerable+ListSelectIterator`2[[InventoryHub.API.Models.Product, InventoryHub.API, Version=1.0.0.0, Culture=neutral, PublicKeyToken=null],[InventoryHub.API.DTOs.ProductDto, InventoryHub.API, Version=1.0.0.0, Culture=neutral, PublicKeyToken=null]]'.
2026-04-05 16:53:16.219 +09:00 [INF] Executed action InventoryHub.API.Controllers.ProductsController.GetAll (InventoryHub.API) in 74.426ms
2026-04-05 16:53:16.219 +09:00 [INF] Executed action InventoryHub.API.Controllers.SuppliersController.GetAll (InventoryHub.API) in 73.9474ms
2026-04-05 16:53:16.220 +09:00 [INF] Executed endpoint 'InventoryHub.API.Controllers.SuppliersController.GetAll (InventoryHub.API)'
2026-04-05 16:53:16.220 +09:00 [INF] Request finished HTTP/1.1 GET http://localhost:5022/api/suppliers - 200 null application/json; charset=utf-8 80.1775ms
2026-04-05 16:53:16.219 +09:00 [INF] Executed action InventoryHub.API.Controllers.CategoriesController.GetCategories (InventoryHub.API) in 74.3857ms
2026-04-05 16:53:16.223 +09:00 [INF] Executed endpoint 'InventoryHub.API.Controllers.CategoriesController.GetCategories (InventoryHub.API)'
2026-04-05 16:53:16.223 +09:00 [INF] Request finished HTTP/1.1 GET http://localhost:5022/api/categories - 200 null application/json; charset=utf-8 83.4093ms
2026-04-05 16:53:16.219 +09:00 [INF] Executed endpoint 'InventoryHub.API.Controllers.ProductsController.GetAll (InventoryHub.API)'
2026-04-05 16:53:16.223 +09:00 [INF] Request finished HTTP/1.1 GET http://localhost:5022/api/products - 200 null application/json; charset=utf-8 83.8019ms
2026-04-05 16:53:21.427 +09:00 [INF] Request starting HTTP/1.1 GET http://localhost:5022/api/categories - null null
2026-04-05 16:53:21.427 +09:00 [INF] Request starting HTTP/1.1 GET http://localhost:5022/api/suppliers - null null
2026-04-05 16:53:21.427 +09:00 [INF] Request starting HTTP/1.1 GET http://localhost:5022/api/products - null null
2026-04-05 16:53:21.428 +09:00 [INF] CORS policy execution successful.
2026-04-05 16:53:21.428 +09:00 [INF] CORS policy execution successful.
2026-04-05 16:53:21.428 +09:00 [INF] CORS policy execution successful.
2026-04-05 16:53:21.429 +09:00 [INF] Executing endpoint 'InventoryHub.API.Controllers.CategoriesController.GetCategories (InventoryHub.API)'
2026-04-05 16:53:21.429 +09:00 [INF] Executing endpoint 'InventoryHub.API.Controllers.ProductsController.GetAll (InventoryHub.API)'
2026-04-05 16:53:21.429 +09:00 [INF] Executing endpoint 'InventoryHub.API.Controllers.SuppliersController.GetAll (InventoryHub.API)'
2026-04-05 16:53:21.430 +09:00 [INF] Route matched with {action = "GetAll", controller = "Products"}. Executing controller action with signature System.Threading.Tasks.Task`1[Microsoft.AspNetCore.Mvc.ActionResult`1[System.Collections.Generic.IEnumerable`1[InventoryHub.API.DTOs.ProductDto]]] GetAll() on controller InventoryHub.API.Controllers.ProductsController (InventoryHub.API).
2026-04-05 16:53:21.430 +09:00 [INF] Route matched with {action = "GetAll", controller = "Suppliers"}. Executing controller action with signature System.Threading.Tasks.Task`1[Microsoft.AspNetCore.Mvc.ActionResult`1[System.Collections.Generic.IEnumerable`1[InventoryHub.API.DTOs.SupplierDto]]] GetAll() on controller InventoryHub.API.Controllers.SuppliersController (InventoryHub.API).
2026-04-05 16:53:21.430 +09:00 [INF] Route matched with {action = "GetCategories", controller = "Categories"}. Executing controller action with signature System.Threading.Tasks.Task`1[Microsoft.AspNetCore.Mvc.ActionResult`1[System.Collections.Generic.IEnumerable`1[InventoryHub.API.DTOs.CategoryDto]]] GetCategories() on controller InventoryHub.API.Controllers.CategoriesController (InventoryHub.API).
2026-04-05 16:53:21.476 +09:00 [INF] Executed DbCommand (2ms) [Parameters=[], CommandType='"Text"', CommandTimeout='30']
SELECT `s`.`id`, `s`.`created_at`, `s`.`is_deleted`, `s`.`name`, `s`.`updated_at`
FROM `suppliers` AS `s`
WHERE NOT (`s`.`is_deleted`)
ORDER BY `s`.`name`
2026-04-05 16:53:21.476 +09:00 [INF] Executed DbCommand (2ms) [Parameters=[], CommandType='"Text"', CommandTimeout='30']
SELECT `c`.`id`, `c`.`created_at`, `c`.`is_deleted`, `c`.`name`, `c`.`updated_at`
FROM `categories` AS `c`
WHERE NOT (`c`.`is_deleted`)
ORDER BY `c`.`name`
2026-04-05 16:53:21.476 +09:00 [INF] Executed DbCommand (2ms) [Parameters=[], CommandType='"Text"', CommandTimeout='30']
SELECT `p`.`id`, `p`.`category_id`, `p`.`created_at`, `p`.`is_deleted`, `p`.`name`, `p`.`updated_at`, `c`.`id`, `c`.`created_at`, `c`.`is_deleted`, `c`.`name`, `c`.`updated_at`
FROM `products` AS `p`
INNER JOIN `categories` AS `c` ON `p`.`category_id` = `c`.`id`
WHERE NOT (`p`.`is_deleted`)
ORDER BY `p`.`name`
2026-04-05 16:53:21.477 +09:00 [INF] Executing OkObjectResult, writing value of type 'System.Collections.Generic.List`1[[InventoryHub.API.DTOs.CategoryDto, InventoryHub.API, Version=1.0.0.0, Culture=neutral, PublicKeyToken=null]]'.
2026-04-05 16:53:21.477 +09:00 [INF] Executing OkObjectResult, writing value of type 'System.Collections.Generic.List`1[[InventoryHub.API.DTOs.SupplierDto, InventoryHub.API, Version=1.0.0.0, Culture=neutral, PublicKeyToken=null]]'.
2026-04-05 16:53:21.477 +09:00 [INF] Executed action InventoryHub.API.Controllers.CategoriesController.GetCategories (InventoryHub.API) in 47.5348ms
2026-04-05 16:53:21.477 +09:00 [INF] Executed action InventoryHub.API.Controllers.SuppliersController.GetAll (InventoryHub.API) in 47.7825ms
2026-04-05 16:53:21.478 +09:00 [INF] Executed endpoint 'InventoryHub.API.Controllers.CategoriesController.GetCategories (InventoryHub.API)'
2026-04-05 16:53:21.478 +09:00 [INF] Executed endpoint 'InventoryHub.API.Controllers.SuppliersController.GetAll (InventoryHub.API)'
2026-04-05 16:53:21.478 +09:00 [INF] Request finished HTTP/1.1 GET http://localhost:5022/api/categories - 200 null application/json; charset=utf-8 50.9222ms
2026-04-05 16:53:21.477 +09:00 [INF] Executing OkObjectResult, writing value of type 'System.Linq.Enumerable+ListSelectIterator`2[[InventoryHub.API.Models.Product, InventoryHub.API, Version=1.0.0.0, Culture=neutral, PublicKeyToken=null],[InventoryHub.API.DTOs.ProductDto, InventoryHub.API, Version=1.0.0.0, Culture=neutral, PublicKeyToken=null]]'.
2026-04-05 16:53:21.478 +09:00 [INF] Request finished HTTP/1.1 GET http://localhost:5022/api/suppliers - 200 null application/json; charset=utf-8 51.1574ms
2026-04-05 16:53:21.480 +09:00 [INF] Executed action InventoryHub.API.Controllers.ProductsController.GetAll (InventoryHub.API) in 49.8807ms
2026-04-05 16:53:21.480 +09:00 [INF] Executed endpoint 'InventoryHub.API.Controllers.ProductsController.GetAll (InventoryHub.API)'
2026-04-05 16:53:21.480 +09:00 [INF] Request finished HTTP/1.1 GET http://localhost:5022/api/products - 200 null application/json; charset=utf-8 52.8352ms
2026-04-05 16:53:27.279 +09:00 [INF] Request starting HTTP/1.1 GET http://localhost:5022/api/suppliers - null null
2026-04-05 16:53:27.279 +09:00 [INF] Request starting HTTP/1.1 GET http://localhost:5022/api/products - null null
2026-04-05 16:53:27.279 +09:00 [INF] Request starting HTTP/1.1 GET http://localhost:5022/api/categories - null null
2026-04-05 16:53:27.280 +09:00 [INF] CORS policy execution successful.
2026-04-05 16:53:27.280 +09:00 [INF] CORS policy execution successful.
2026-04-05 16:53:27.280 +09:00 [INF] CORS policy execution successful.
2026-04-05 16:53:27.280 +09:00 [INF] Executing endpoint 'InventoryHub.API.Controllers.SuppliersController.GetAll (InventoryHub.API)'
2026-04-05 16:53:27.280 +09:00 [INF] Executing endpoint 'InventoryHub.API.Controllers.ProductsController.GetAll (InventoryHub.API)'
2026-04-05 16:53:27.280 +09:00 [INF] Executing endpoint 'InventoryHub.API.Controllers.CategoriesController.GetCategories (InventoryHub.API)'
2026-04-05 16:53:27.281 +09:00 [INF] Route matched with {action = "GetAll", controller = "Suppliers"}. Executing controller action with signature System.Threading.Tasks.Task`1[Microsoft.AspNetCore.Mvc.ActionResult`1[System.Collections.Generic.IEnumerable`1[InventoryHub.API.DTOs.SupplierDto]]] GetAll() on controller InventoryHub.API.Controllers.SuppliersController (InventoryHub.API).
2026-04-05 16:53:27.281 +09:00 [INF] Route matched with {action = "GetAll", controller = "Products"}. Executing controller action with signature System.Threading.Tasks.Task`1[Microsoft.AspNetCore.Mvc.ActionResult`1[System.Collections.Generic.IEnumerable`1[InventoryHub.API.DTOs.ProductDto]]] GetAll() on controller InventoryHub.API.Controllers.ProductsController (InventoryHub.API).
2026-04-05 16:53:27.281 +09:00 [INF] Route matched with {action = "GetCategories", controller = "Categories"}. Executing controller action with signature System.Threading.Tasks.Task`1[Microsoft.AspNetCore.Mvc.ActionResult`1[System.Collections.Generic.IEnumerable`1[InventoryHub.API.DTOs.CategoryDto]]] GetCategories() on controller InventoryHub.API.Controllers.CategoriesController (InventoryHub.API).
2026-04-05 16:53:27.311 +09:00 [INF] Executed DbCommand (1ms) [Parameters=[], CommandType='"Text"', CommandTimeout='30']
SELECT `c`.`id`, `c`.`created_at`, `c`.`is_deleted`, `c`.`name`, `c`.`updated_at`
FROM `categories` AS `c`
WHERE NOT (`c`.`is_deleted`)
ORDER BY `c`.`name`
2026-04-05 16:53:27.311 +09:00 [INF] Executed DbCommand (1ms) [Parameters=[], CommandType='"Text"', CommandTimeout='30']
SELECT `s`.`id`, `s`.`created_at`, `s`.`is_deleted`, `s`.`name`, `s`.`updated_at`
FROM `suppliers` AS `s`
WHERE NOT (`s`.`is_deleted`)
ORDER BY `s`.`name`
2026-04-05 16:53:27.312 +09:00 [INF] Executed DbCommand (1ms) [Parameters=[], CommandType='"Text"', CommandTimeout='30']
SELECT `p`.`id`, `p`.`category_id`, `p`.`created_at`, `p`.`is_deleted`, `p`.`name`, `p`.`updated_at`, `c`.`id`, `c`.`created_at`, `c`.`is_deleted`, `c`.`name`, `c`.`updated_at`
FROM `products` AS `p`
INNER JOIN `categories` AS `c` ON `p`.`category_id` = `c`.`id`
WHERE NOT (`p`.`is_deleted`)
ORDER BY `p`.`name`
2026-04-05 16:53:27.312 +09:00 [INF] Executing OkObjectResult, writing value of type 'System.Collections.Generic.List`1[[InventoryHub.API.DTOs.SupplierDto, InventoryHub.API, Version=1.0.0.0, Culture=neutral, PublicKeyToken=null]]'.
2026-04-05 16:53:27.312 +09:00 [INF] Executing OkObjectResult, writing value of type 'System.Collections.Generic.List`1[[InventoryHub.API.DTOs.CategoryDto, InventoryHub.API, Version=1.0.0.0, Culture=neutral, PublicKeyToken=null]]'.
2026-04-05 16:53:27.312 +09:00 [INF] Executing OkObjectResult, writing value of type 'System.Linq.Enumerable+ListSelectIterator`2[[InventoryHub.API.Models.Product, InventoryHub.API, Version=1.0.0.0, Culture=neutral, PublicKeyToken=null],[InventoryHub.API.DTOs.ProductDto, InventoryHub.API, Version=1.0.0.0, Culture=neutral, PublicKeyToken=null]]'.
2026-04-05 16:53:27.312 +09:00 [INF] Executed action InventoryHub.API.Controllers.SuppliersController.GetAll (InventoryHub.API) in 31.6108ms
2026-04-05 16:53:27.312 +09:00 [INF] Executed action InventoryHub.API.Controllers.CategoriesController.GetCategories (InventoryHub.API) in 31.2987ms
2026-04-05 16:53:27.313 +09:00 [INF] Executed action InventoryHub.API.Controllers.ProductsController.GetAll (InventoryHub.API) in 31.7145ms
2026-04-05 16:53:27.313 +09:00 [INF] Executed endpoint 'InventoryHub.API.Controllers.CategoriesController.GetCategories (InventoryHub.API)'
2026-04-05 16:53:27.313 +09:00 [INF] Executed endpoint 'InventoryHub.API.Controllers.SuppliersController.GetAll (InventoryHub.API)'
2026-04-05 16:53:27.313 +09:00 [INF] Executed endpoint 'InventoryHub.API.Controllers.ProductsController.GetAll (InventoryHub.API)'
2026-04-05 16:53:27.313 +09:00 [INF] Request finished HTTP/1.1 GET http://localhost:5022/api/categories - 200 null application/json; charset=utf-8 33.6077ms
2026-04-05 16:53:27.313 +09:00 [INF] Request finished HTTP/1.1 GET http://localhost:5022/api/suppliers - 200 null application/json; charset=utf-8 33.8996ms
2026-04-05 16:53:27.313 +09:00 [INF] Request finished HTTP/1.1 GET http://localhost:5022/api/products - 200 null application/json; charset=utf-8 33.7072ms
2026-04-05 16:59:15.401 +09:00 [INF] Request starting HTTP/1.1 GET http://localhost:5022/api/products - null null
2026-04-05 16:59:15.401 +09:00 [INF] Request starting HTTP/1.1 GET http://localhost:5022/api/categories - null null
2026-04-05 16:59:15.401 +09:00 [INF] Request starting HTTP/1.1 GET http://localhost:5022/api/suppliers - null null
2026-04-05 16:59:15.407 +09:00 [INF] CORS policy execution successful.
2026-04-05 16:59:15.407 +09:00 [INF] CORS policy execution successful.
2026-04-05 16:59:15.407 +09:00 [INF] CORS policy execution successful.
2026-04-05 16:59:15.409 +09:00 [INF] Executing endpoint 'InventoryHub.API.Controllers.ProductsController.GetAll (InventoryHub.API)'
2026-04-05 16:59:15.409 +09:00 [INF] Executing endpoint 'InventoryHub.API.Controllers.CategoriesController.GetCategories (InventoryHub.API)'
2026-04-05 16:59:15.409 +09:00 [INF] Executing endpoint 'InventoryHub.API.Controllers.SuppliersController.GetAll (InventoryHub.API)'
2026-04-05 16:59:15.413 +09:00 [INF] Route matched with {action = "GetAll", controller = "Suppliers"}. Executing controller action with signature System.Threading.Tasks.Task`1[Microsoft.AspNetCore.Mvc.ActionResult`1[System.Collections.Generic.IEnumerable`1[InventoryHub.API.DTOs.SupplierDto]]] GetAll() on controller InventoryHub.API.Controllers.SuppliersController (InventoryHub.API).
2026-04-05 16:59:15.414 +09:00 [INF] Route matched with {action = "GetCategories", controller = "Categories"}. Executing controller action with signature System.Threading.Tasks.Task`1[Microsoft.AspNetCore.Mvc.ActionResult`1[System.Collections.Generic.IEnumerable`1[InventoryHub.API.DTOs.CategoryDto]]] GetCategories() on controller InventoryHub.API.Controllers.CategoriesController (InventoryHub.API).
2026-04-05 16:59:15.414 +09:00 [INF] Route matched with {action = "GetAll", controller = "Products"}. Executing controller action with signature System.Threading.Tasks.Task`1[Microsoft.AspNetCore.Mvc.ActionResult`1[System.Collections.Generic.IEnumerable`1[InventoryHub.API.DTOs.ProductDto]]] GetAll() on controller InventoryHub.API.Controllers.ProductsController (InventoryHub.API).
2026-04-05 16:59:15.664 +09:00 [INF] Executed DbCommand (29ms) [Parameters=[], CommandType='"Text"', CommandTimeout='30']
SELECT `c`.`id`, `c`.`created_at`, `c`.`is_deleted`, `c`.`name`, `c`.`updated_at`
FROM `categories` AS `c`
WHERE NOT (`c`.`is_deleted`)
ORDER BY `c`.`name`
2026-04-05 16:59:15.664 +09:00 [INF] Executed DbCommand (21ms) [Parameters=[], CommandType='"Text"', CommandTimeout='30']
SELECT `p`.`id`, `p`.`category_id`, `p`.`created_at`, `p`.`is_deleted`, `p`.`name`, `p`.`updated_at`, `c`.`id`, `c`.`created_at`, `c`.`is_deleted`, `c`.`name`, `c`.`updated_at`
FROM `products` AS `p`
INNER JOIN `categories` AS `c` ON `p`.`category_id` = `c`.`id`
WHERE NOT (`p`.`is_deleted`)
ORDER BY `p`.`name`
2026-04-05 16:59:15.665 +09:00 [INF] Executing OkObjectResult, writing value of type 'System.Collections.Generic.List`1[[InventoryHub.API.DTOs.CategoryDto, InventoryHub.API, Version=1.0.0.0, Culture=neutral, PublicKeyToken=null]]'.
2026-04-05 16:59:15.665 +09:00 [INF] Executing OkObjectResult, writing value of type 'System.Linq.Enumerable+ListSelectIterator`2[[InventoryHub.API.Models.Product, InventoryHub.API, Version=1.0.0.0, Culture=neutral, PublicKeyToken=null],[InventoryHub.API.DTOs.ProductDto, InventoryHub.API, Version=1.0.0.0, Culture=neutral, PublicKeyToken=null]]'.
2026-04-05 16:59:15.665 +09:00 [INF] Executed DbCommand (30ms) [Parameters=[], CommandType='"Text"', CommandTimeout='30']
SELECT `s`.`id`, `s`.`created_at`, `s`.`is_deleted`, `s`.`name`, `s`.`updated_at`
FROM `suppliers` AS `s`
WHERE NOT (`s`.`is_deleted`)
ORDER BY `s`.`name`
2026-04-05 16:59:15.665 +09:00 [INF] Executed action InventoryHub.API.Controllers.ProductsController.GetAll (InventoryHub.API) in 250.8139ms
2026-04-05 16:59:15.665 +09:00 [INF] Executed action InventoryHub.API.Controllers.CategoriesController.GetCategories (InventoryHub.API) in 250.8258ms
2026-04-05 16:59:15.666 +09:00 [INF] Executing OkObjectResult, writing value of type 'System.Collections.Generic.List`1[[InventoryHub.API.DTOs.SupplierDto, InventoryHub.API, Version=1.0.0.0, Culture=neutral, PublicKeyToken=null]]'.
2026-04-05 16:59:15.666 +09:00 [INF] Executed endpoint 'InventoryHub.API.Controllers.ProductsController.GetAll (InventoryHub.API)'
2026-04-05 16:59:15.666 +09:00 [INF] Executed action InventoryHub.API.Controllers.SuppliersController.GetAll (InventoryHub.API) in 251.2673ms
2026-04-05 16:59:15.666 +09:00 [INF] Executed endpoint 'InventoryHub.API.Controllers.SuppliersController.GetAll (InventoryHub.API)'
2026-04-05 16:59:15.666 +09:00 [INF] Executed endpoint 'InventoryHub.API.Controllers.CategoriesController.GetCategories (InventoryHub.API)'
2026-04-05 16:59:15.666 +09:00 [INF] Request finished HTTP/1.1 GET http://localhost:5022/api/categories - 200 null application/json; charset=utf-8 265.4644ms
2026-04-05 16:59:15.666 +09:00 [INF] Request finished HTTP/1.1 GET http://localhost:5022/api/products - 200 null application/json; charset=utf-8 265.3408ms
2026-04-05 16:59:15.666 +09:00 [INF] Request finished HTTP/1.1 GET http://localhost:5022/api/suppliers - 200 null application/json; charset=utf-8 265.4759ms
2026-04-05 16:59:25.366 +09:00 [INF] Request starting HTTP/1.1 GET http://localhost:5022/api/categories - null null
2026-04-05 16:59:25.366 +09:00 [INF] Request starting HTTP/1.1 GET http://localhost:5022/api/suppliers - null null
2026-04-05 16:59:25.366 +09:00 [INF] Request starting HTTP/1.1 GET http://localhost:5022/api/products - null null
2026-04-05 16:59:25.367 +09:00 [INF] CORS policy execution successful.
2026-04-05 16:59:25.367 +09:00 [INF] CORS policy execution successful.
2026-04-05 16:59:25.367 +09:00 [INF] CORS policy execution successful.
2026-04-05 16:59:25.367 +09:00 [INF] Executing endpoint 'InventoryHub.API.Controllers.CategoriesController.GetCategories (InventoryHub.API)'
2026-04-05 16:59:25.367 +09:00 [INF] Executing endpoint 'InventoryHub.API.Controllers.ProductsController.GetAll (InventoryHub.API)'
2026-04-05 16:59:25.367 +09:00 [INF] Executing endpoint 'InventoryHub.API.Controllers.SuppliersController.GetAll (InventoryHub.API)'
2026-04-05 16:59:25.368 +09:00 [INF] Route matched with {action = "GetAll", controller = "Suppliers"}. Executing controller action with signature System.Threading.Tasks.Task`1[Microsoft.AspNetCore.Mvc.ActionResult`1[System.Collections.Generic.IEnumerable`1[InventoryHub.API.DTOs.SupplierDto]]] GetAll() on controller InventoryHub.API.Controllers.SuppliersController (InventoryHub.API).
2026-04-05 16:59:25.368 +09:00 [INF] Route matched with {action = "GetAll", controller = "Products"}. Executing controller action with signature System.Threading.Tasks.Task`1[Microsoft.AspNetCore.Mvc.ActionResult`1[System.Collections.Generic.IEnumerable`1[InventoryHub.API.DTOs.ProductDto]]] GetAll() on controller InventoryHub.API.Controllers.ProductsController (InventoryHub.API).
2026-04-05 16:59:25.368 +09:00 [INF] Route matched with {action = "GetCategories", controller = "Categories"}. Executing controller action with signature System.Threading.Tasks.Task`1[Microsoft.AspNetCore.Mvc.ActionResult`1[System.Collections.Generic.IEnumerable`1[InventoryHub.API.DTOs.CategoryDto]]] GetCategories() on controller InventoryHub.API.Controllers.CategoriesController (InventoryHub.API).
2026-04-05 16:59:25.409 +09:00 [INF] Executed DbCommand (8ms) [Parameters=[], CommandType='"Text"', CommandTimeout='30']
SELECT `p`.`id`, `p`.`category_id`, `p`.`created_at`, `p`.`is_deleted`, `p`.`name`, `p`.`updated_at`, `c`.`id`, `c`.`created_at`, `c`.`is_deleted`, `c`.`name`, `c`.`updated_at`
FROM `products` AS `p`
INNER JOIN `categories` AS `c` ON `p`.`category_id` = `c`.`id`
WHERE NOT (`p`.`is_deleted`)
ORDER BY `p`.`name`
2026-04-05 16:59:25.409 +09:00 [INF] Executed DbCommand (8ms) [Parameters=[], CommandType='"Text"', CommandTimeout='30']
SELECT `c`.`id`, `c`.`created_at`, `c`.`is_deleted`, `c`.`name`, `c`.`updated_at`
FROM `categories` AS `c`
WHERE NOT (`c`.`is_deleted`)
ORDER BY `c`.`name`
2026-04-05 16:59:25.410 +09:00 [INF] Executing OkObjectResult, writing value of type 'System.Collections.Generic.List`1[[InventoryHub.API.DTOs.CategoryDto, InventoryHub.API, Version=1.0.0.0, Culture=neutral, PublicKeyToken=null]]'.
2026-04-05 16:59:25.410 +09:00 [INF] Executing OkObjectResult, writing value of type 'System.Linq.Enumerable+ListSelectIterator`2[[InventoryHub.API.Models.Product, InventoryHub.API, Version=1.0.0.0, Culture=neutral, PublicKeyToken=null],[InventoryHub.API.DTOs.ProductDto, InventoryHub.API, Version=1.0.0.0, Culture=neutral, PublicKeyToken=null]]'.
2026-04-05 16:59:25.410 +09:00 [INF] Executed action InventoryHub.API.Controllers.CategoriesController.GetCategories (InventoryHub.API) in 41.9353ms
2026-04-05 16:59:25.410 +09:00 [INF] Executed endpoint 'InventoryHub.API.Controllers.CategoriesController.GetCategories (InventoryHub.API)'
2026-04-05 16:59:25.410 +09:00 [INF] Executed action InventoryHub.API.Controllers.ProductsController.GetAll (InventoryHub.API) in 42.1007ms
2026-04-05 16:59:25.410 +09:00 [INF] Request finished HTTP/1.1 GET http://localhost:5022/api/categories - 200 null application/json; charset=utf-8 44.3111ms
2026-04-05 16:59:25.410 +09:00 [INF] Executed endpoint 'InventoryHub.API.Controllers.ProductsController.GetAll (InventoryHub.API)'
2026-04-05 16:59:25.411 +09:00 [INF] Request finished HTTP/1.1 GET http://localhost:5022/api/products - 200 null application/json; charset=utf-8 44.3672ms
2026-04-05 16:59:25.414 +09:00 [INF] Executed DbCommand (14ms) [Parameters=[], CommandType='"Text"', CommandTimeout='30']
SELECT `s`.`id`, `s`.`created_at`, `s`.`is_deleted`, `s`.`name`, `s`.`updated_at`
FROM `suppliers` AS `s`
WHERE NOT (`s`.`is_deleted`)
ORDER BY `s`.`name`
2026-04-05 16:59:25.415 +09:00 [INF] Executing OkObjectResult, writing value of type 'System.Collections.Generic.List`1[[InventoryHub.API.DTOs.SupplierDto, InventoryHub.API, Version=1.0.0.0, Culture=neutral, PublicKeyToken=null]]'.
2026-04-05 16:59:25.415 +09:00 [INF] Executed action InventoryHub.API.Controllers.SuppliersController.GetAll (InventoryHub.API) in 47.2902ms
2026-04-05 16:59:25.415 +09:00 [INF] Executed endpoint 'InventoryHub.API.Controllers.SuppliersController.GetAll (InventoryHub.API)'
2026-04-05 16:59:25.416 +09:00 [INF] Request finished HTTP/1.1 GET http://localhost:5022/api/suppliers - 200 null application/json; charset=utf-8 49.6926ms
2026-04-05 16:59:39.045 +09:00 [INF] Request starting HTTP/1.1 GET http://localhost:5022/api/products - null null
2026-04-05 16:59:39.045 +09:00 [INF] Request starting HTTP/1.1 GET http://localhost:5022/api/suppliers - null null
2026-04-05 16:59:39.045 +09:00 [INF] Request starting HTTP/1.1 GET http://localhost:5022/api/categories - null null
2026-04-05 16:59:39.048 +09:00 [INF] CORS policy execution successful.
2026-04-05 16:59:39.048 +09:00 [INF] CORS policy execution successful.
2026-04-05 16:59:39.048 +09:00 [INF] CORS policy execution successful.
2026-04-05 16:59:39.048 +09:00 [INF] Executing endpoint 'InventoryHub.API.Controllers.SuppliersController.GetAll (InventoryHub.API)'
2026-04-05 16:59:39.048 +09:00 [INF] Executing endpoint 'InventoryHub.API.Controllers.ProductsController.GetAll (InventoryHub.API)'
2026-04-05 16:59:39.048 +09:00 [INF] Executing endpoint 'InventoryHub.API.Controllers.CategoriesController.GetCategories (InventoryHub.API)'
2026-04-05 16:59:39.048 +09:00 [INF] Route matched with {action = "GetCategories", controller = "Categories"}. Executing controller action with signature System.Threading.Tasks.Task`1[Microsoft.AspNetCore.Mvc.ActionResult`1[System.Collections.Generic.IEnumerable`1[InventoryHub.API.DTOs.CategoryDto]]] GetCategories() on controller InventoryHub.API.Controllers.CategoriesController (InventoryHub.API).
2026-04-05 16:59:39.048 +09:00 [INF] Route matched with {action = "GetAll", controller = "Products"}. Executing controller action with signature System.Threading.Tasks.Task`1[Microsoft.AspNetCore.Mvc.ActionResult`1[System.Collections.Generic.IEnumerable`1[InventoryHub.API.DTOs.ProductDto]]] GetAll() on controller InventoryHub.API.Controllers.ProductsController (InventoryHub.API).
2026-04-05 16:59:39.049 +09:00 [INF] Route matched with {action = "GetAll", controller = "Suppliers"}. Executing controller action with signature System.Threading.Tasks.Task`1[Microsoft.AspNetCore.Mvc.ActionResult`1[System.Collections.Generic.IEnumerable`1[InventoryHub.API.DTOs.SupplierDto]]] GetAll() on controller InventoryHub.API.Controllers.SuppliersController (InventoryHub.API).
2026-04-05 16:59:39.096 +09:00 [INF] Executed DbCommand (1ms) [Parameters=[], CommandType='"Text"', CommandTimeout='30']
SELECT `c`.`id`, `c`.`created_at`, `c`.`is_deleted`, `c`.`name`, `c`.`updated_at`
FROM `categories` AS `c`
WHERE NOT (`c`.`is_deleted`)
ORDER BY `c`.`name`
2026-04-05 16:59:39.096 +09:00 [INF] Executing OkObjectResult, writing value of type 'System.Collections.Generic.List`1[[InventoryHub.API.DTOs.CategoryDto, InventoryHub.API, Version=1.0.0.0, Culture=neutral, PublicKeyToken=null]]'.
2026-04-05 16:59:39.097 +09:00 [INF] Executed action InventoryHub.API.Controllers.CategoriesController.GetCategories (InventoryHub.API) in 47.9294ms
2026-04-05 16:59:39.097 +09:00 [INF] Executed endpoint 'InventoryHub.API.Controllers.CategoriesController.GetCategories (InventoryHub.API)'
2026-04-05 16:59:39.097 +09:00 [INF] Request finished HTTP/1.1 GET http://localhost:5022/api/categories - 200 null application/json; charset=utf-8 51.8965ms
2026-04-05 16:59:39.099 +09:00 [INF] Executed DbCommand (4ms) [Parameters=[], CommandType='"Text"', CommandTimeout='30']
SELECT `s`.`id`, `s`.`created_at`, `s`.`is_deleted`, `s`.`name`, `s`.`updated_at`
FROM `suppliers` AS `s`
WHERE NOT (`s`.`is_deleted`)
ORDER BY `s`.`name`
2026-04-05 16:59:39.099 +09:00 [INF] Executing OkObjectResult, writing value of type 'System.Collections.Generic.List`1[[InventoryHub.API.DTOs.SupplierDto, InventoryHub.API, Version=1.0.0.0, Culture=neutral, PublicKeyToken=null]]'.
2026-04-05 16:59:39.099 +09:00 [INF] Executed action InventoryHub.API.Controllers.SuppliersController.GetAll (InventoryHub.API) in 50.343ms
2026-04-05 16:59:39.100 +09:00 [INF] Executed endpoint 'InventoryHub.API.Controllers.SuppliersController.GetAll (InventoryHub.API)'
2026-04-05 16:59:39.100 +09:00 [INF] Request finished HTTP/1.1 GET http://localhost:5022/api/suppliers - 200 null application/json; charset=utf-8 54.756ms
2026-04-05 16:59:39.100 +09:00 [INF] Executed DbCommand (5ms) [Parameters=[], CommandType='"Text"', CommandTimeout='30']
SELECT `p`.`id`, `p`.`category_id`, `p`.`created_at`, `p`.`is_deleted`, `p`.`name`, `p`.`updated_at`, `c`.`id`, `c`.`created_at`, `c`.`is_deleted`, `c`.`name`, `c`.`updated_at`
FROM `products` AS `p`
INNER JOIN `categories` AS `c` ON `p`.`category_id` = `c`.`id`
WHERE NOT (`p`.`is_deleted`)
ORDER BY `p`.`name`
2026-04-05 16:59:39.103 +09:00 [INF] Executing OkObjectResult, writing value of type 'System.Linq.Enumerable+ListSelectIterator`2[[InventoryHub.API.Models.Product, InventoryHub.API, Version=1.0.0.0, Culture=neutral, PublicKeyToken=null],[InventoryHub.API.DTOs.ProductDto, InventoryHub.API, Version=1.0.0.0, Culture=neutral, PublicKeyToken=null]]'.
2026-04-05 16:59:39.103 +09:00 [INF] Executed action InventoryHub.API.Controllers.ProductsController.GetAll (InventoryHub.API) in 53.881ms
2026-04-05 16:59:39.103 +09:00 [INF] Executed endpoint 'InventoryHub.API.Controllers.ProductsController.GetAll (InventoryHub.API)'
2026-04-05 16:59:39.103 +09:00 [INF] Request finished HTTP/1.1 GET http://localhost:5022/api/products - 200 null application/json; charset=utf-8 57.935ms
2026-04-05 16:59:40.950 +09:00 [INF] Request starting HTTP/1.1 GET http://localhost:5022/api/categories - null null
2026-04-05 16:59:40.950 +09:00 [INF] Request starting HTTP/1.1 GET http://localhost:5022/api/suppliers - null null
2026-04-05 16:59:40.950 +09:00 [INF] Request starting HTTP/1.1 GET http://localhost:5022/api/products - null null
2026-04-05 16:59:40.957 +09:00 [INF] CORS policy execution successful.
2026-04-05 16:59:40.958 +09:00 [INF] CORS policy execution successful.
2026-04-05 16:59:40.958 +09:00 [INF] CORS policy execution successful.
2026-04-05 16:59:40.958 +09:00 [INF] Executing endpoint 'InventoryHub.API.Controllers.SuppliersController.GetAll (InventoryHub.API)'
2026-04-05 16:59:40.958 +09:00 [INF] Executing endpoint 'InventoryHub.API.Controllers.ProductsController.GetAll (InventoryHub.API)'
2026-04-05 16:59:40.958 +09:00 [INF] Executing endpoint 'InventoryHub.API.Controllers.CategoriesController.GetCategories (InventoryHub.API)'
2026-04-05 16:59:40.959 +09:00 [INF] Route matched with {action = "GetCategories", controller = "Categories"}. Executing controller action with signature System.Threading.Tasks.Task`1[Microsoft.AspNetCore.Mvc.ActionResult`1[System.Collections.Generic.IEnumerable`1[InventoryHub.API.DTOs.CategoryDto]]] GetCategories() on controller InventoryHub.API.Controllers.CategoriesController (InventoryHub.API).
2026-04-05 16:59:40.959 +09:00 [INF] Route matched with {action = "GetAll", controller = "Suppliers"}. Executing controller action with signature System.Threading.Tasks.Task`1[Microsoft.AspNetCore.Mvc.ActionResult`1[System.Collections.Generic.IEnumerable`1[InventoryHub.API.DTOs.SupplierDto]]] GetAll() on controller InventoryHub.API.Controllers.SuppliersController (InventoryHub.API).
2026-04-05 16:59:40.959 +09:00 [INF] Route matched with {action = "GetAll", controller = "Products"}. Executing controller action with signature System.Threading.Tasks.Task`1[Microsoft.AspNetCore.Mvc.ActionResult`1[System.Collections.Generic.IEnumerable`1[InventoryHub.API.DTOs.ProductDto]]] GetAll() on controller InventoryHub.API.Controllers.ProductsController (InventoryHub.API).
2026-04-05 16:59:40.996 +09:00 [INF] Executed DbCommand (1ms) [Parameters=[], CommandType='"Text"', CommandTimeout='30']
SELECT `s`.`id`, `s`.`created_at`, `s`.`is_deleted`, `s`.`name`, `s`.`updated_at`
FROM `suppliers` AS `s`
WHERE NOT (`s`.`is_deleted`)
ORDER BY `s`.`name`
2026-04-05 16:59:40.996 +09:00 [INF] Executed DbCommand (1ms) [Parameters=[], CommandType='"Text"', CommandTimeout='30']
SELECT `c`.`id`, `c`.`created_at`, `c`.`is_deleted`, `c`.`name`, `c`.`updated_at`
FROM `categories` AS `c`
WHERE NOT (`c`.`is_deleted`)
ORDER BY `c`.`name`
2026-04-05 16:59:40.996 +09:00 [INF] Executed DbCommand (1ms) [Parameters=[], CommandType='"Text"', CommandTimeout='30']
SELECT `p`.`id`, `p`.`category_id`, `p`.`created_at`, `p`.`is_deleted`, `p`.`name`, `p`.`updated_at`, `c`.`id`, `c`.`created_at`, `c`.`is_deleted`, `c`.`name`, `c`.`updated_at`
FROM `products` AS `p`
INNER JOIN `categories` AS `c` ON `p`.`category_id` = `c`.`id`
WHERE NOT (`p`.`is_deleted`)
ORDER BY `p`.`name`
2026-04-05 16:59:40.997 +09:00 [INF] Executing OkObjectResult, writing value of type 'System.Collections.Generic.List`1[[InventoryHub.API.DTOs.CategoryDto, InventoryHub.API, Version=1.0.0.0, Culture=neutral, PublicKeyToken=null]]'.
2026-04-05 16:59:40.997 +09:00 [INF] Executing OkObjectResult, writing value of type 'System.Collections.Generic.List`1[[InventoryHub.API.DTOs.SupplierDto, InventoryHub.API, Version=1.0.0.0, Culture=neutral, PublicKeyToken=null]]'.
2026-04-05 16:59:40.997 +09:00 [INF] Executing OkObjectResult, writing value of type 'System.Linq.Enumerable+ListSelectIterator`2[[InventoryHub.API.Models.Product, InventoryHub.API, Version=1.0.0.0, Culture=neutral, PublicKeyToken=null],[InventoryHub.API.DTOs.ProductDto, InventoryHub.API, Version=1.0.0.0, Culture=neutral, PublicKeyToken=null]]'.
2026-04-05 16:59:40.997 +09:00 [INF] Executed action InventoryHub.API.Controllers.SuppliersController.GetAll (InventoryHub.API) in 38.728ms
2026-04-05 16:59:40.997 +09:00 [INF] Executed action InventoryHub.API.Controllers.CategoriesController.GetCategories (InventoryHub.API) in 38.7654ms
2026-04-05 16:59:40.998 +09:00 [INF] Executed endpoint 'InventoryHub.API.Controllers.CategoriesController.GetCategories (InventoryHub.API)'
2026-04-05 16:59:40.998 +09:00 [INF] Executed endpoint 'InventoryHub.API.Controllers.SuppliersController.GetAll (InventoryHub.API)'
2026-04-05 16:59:40.998 +09:00 [INF] Executed action InventoryHub.API.Controllers.ProductsController.GetAll (InventoryHub.API) in 38.7803ms
2026-04-05 16:59:40.998 +09:00 [INF] Executed endpoint 'InventoryHub.API.Controllers.ProductsController.GetAll (InventoryHub.API)'
2026-04-05 16:59:40.998 +09:00 [INF] Request finished HTTP/1.1 GET http://localhost:5022/api/products - 200 null application/json; charset=utf-8 49.2795ms
2026-04-05 16:59:40.998 +09:00 [INF] Request finished HTTP/1.1 GET http://localhost:5022/api/categories - 200 null application/json; charset=utf-8 49.1126ms
2026-04-05 16:59:40.998 +09:00 [INF] Request finished HTTP/1.1 GET http://localhost:5022/api/suppliers - 200 null application/json; charset=utf-8 49.1622ms
2026-04-05 16:59:45.700 +09:00 [INF] Request starting HTTP/1.1 GET http://localhost:5022/api/products - null null
2026-04-05 16:59:45.700 +09:00 [INF] Request starting HTTP/1.1 GET http://localhost:5022/api/categories - null null
2026-04-05 16:59:45.700 +09:00 [INF] Request starting HTTP/1.1 GET http://localhost:5022/api/suppliers - null null
2026-04-05 16:59:45.702 +09:00 [INF] CORS policy execution successful.
2026-04-05 16:59:45.702 +09:00 [INF] CORS policy execution successful.
2026-04-05 16:59:45.702 +09:00 [INF] CORS policy execution successful.
2026-04-05 16:59:45.703 +09:00 [INF] Executing endpoint 'InventoryHub.API.Controllers.ProductsController.GetAll (InventoryHub.API)'
2026-04-05 16:59:45.703 +09:00 [INF] Executing endpoint 'InventoryHub.API.Controllers.CategoriesController.GetCategories (InventoryHub.API)'
2026-04-05 16:59:45.703 +09:00 [INF] Executing endpoint 'InventoryHub.API.Controllers.SuppliersController.GetAll (InventoryHub.API)'
2026-04-05 16:59:45.704 +09:00 [INF] Route matched with {action = "GetAll", controller = "Products"}. Executing controller action with signature System.Threading.Tasks.Task`1[Microsoft.AspNetCore.Mvc.ActionResult`1[System.Collections.Generic.IEnumerable`1[InventoryHub.API.DTOs.ProductDto]]] GetAll() on controller InventoryHub.API.Controllers.ProductsController (InventoryHub.API).
2026-04-05 16:59:45.705 +09:00 [INF] Route matched with {action = "GetAll", controller = "Suppliers"}. Executing controller action with signature System.Threading.Tasks.Task`1[Microsoft.AspNetCore.Mvc.ActionResult`1[System.Collections.Generic.IEnumerable`1[InventoryHub.API.DTOs.SupplierDto]]] GetAll() on controller InventoryHub.API.Controllers.SuppliersController (InventoryHub.API).
2026-04-05 16:59:45.704 +09:00 [INF] Route matched with {action = "GetCategories", controller = "Categories"}. Executing controller action with signature System.Threading.Tasks.Task`1[Microsoft.AspNetCore.Mvc.ActionResult`1[System.Collections.Generic.IEnumerable`1[InventoryHub.API.DTOs.CategoryDto]]] GetCategories() on controller InventoryHub.API.Controllers.CategoriesController (InventoryHub.API).
2026-04-05 16:59:45.766 +09:00 [INF] Executed DbCommand (1ms) [Parameters=[], CommandType='"Text"', CommandTimeout='30']
SELECT `c`.`id`, `c`.`created_at`, `c`.`is_deleted`, `c`.`name`, `c`.`updated_at`
FROM `categories` AS `c`
WHERE NOT (`c`.`is_deleted`)
ORDER BY `c`.`name`
2026-04-05 16:59:45.766 +09:00 [INF] Executed DbCommand (1ms) [Parameters=[], CommandType='"Text"', CommandTimeout='30']
SELECT `s`.`id`, `s`.`created_at`, `s`.`is_deleted`, `s`.`name`, `s`.`updated_at`
FROM `suppliers` AS `s`
WHERE NOT (`s`.`is_deleted`)
ORDER BY `s`.`name`
2026-04-05 16:59:45.767 +09:00 [INF] Executing OkObjectResult, writing value of type 'System.Collections.Generic.List`1[[InventoryHub.API.DTOs.CategoryDto, InventoryHub.API, Version=1.0.0.0, Culture=neutral, PublicKeyToken=null]]'.
2026-04-05 16:59:45.767 +09:00 [INF] Executing OkObjectResult, writing value of type 'System.Collections.Generic.List`1[[InventoryHub.API.DTOs.SupplierDto, InventoryHub.API, Version=1.0.0.0, Culture=neutral, PublicKeyToken=null]]'.
2026-04-05 16:59:45.768 +09:00 [INF] Executed action InventoryHub.API.Controllers.CategoriesController.GetCategories (InventoryHub.API) in 62.2736ms
2026-04-05 16:59:45.768 +09:00 [INF] Executed action InventoryHub.API.Controllers.SuppliersController.GetAll (InventoryHub.API) in 62.9728ms
2026-04-05 16:59:45.768 +09:00 [INF] Executed endpoint 'InventoryHub.API.Controllers.CategoriesController.GetCategories (InventoryHub.API)'
2026-04-05 16:59:45.768 +09:00 [INF] Executed endpoint 'InventoryHub.API.Controllers.SuppliersController.GetAll (InventoryHub.API)'
2026-04-05 16:59:45.768 +09:00 [INF] Request finished HTTP/1.1 GET http://localhost:5022/api/categories - 200 null application/json; charset=utf-8 68.6525ms
2026-04-05 16:59:45.768 +09:00 [INF] Request finished HTTP/1.1 GET http://localhost:5022/api/suppliers - 200 null application/json; charset=utf-8 68.6687ms
2026-04-05 16:59:45.779 +09:00 [INF] Executed DbCommand (3ms) [Parameters=[], CommandType='"Text"', CommandTimeout='30']
SELECT `p`.`id`, `p`.`category_id`, `p`.`created_at`, `p`.`is_deleted`, `p`.`name`, `p`.`updated_at`, `c`.`id`, `c`.`created_at`, `c`.`is_deleted`, `c`.`name`, `c`.`updated_at`
FROM `products` AS `p`
INNER JOIN `categories` AS `c` ON `p`.`category_id` = `c`.`id`
WHERE NOT (`p`.`is_deleted`)
ORDER BY `p`.`name`
2026-04-05 16:59:45.780 +09:00 [INF] Executing OkObjectResult, writing value of type 'System.Linq.Enumerable+ListSelectIterator`2[[InventoryHub.API.Models.Product, InventoryHub.API, Version=1.0.0.0, Culture=neutral, PublicKeyToken=null],[InventoryHub.API.DTOs.ProductDto, InventoryHub.API, Version=1.0.0.0, Culture=neutral, PublicKeyToken=null]]'.
2026-04-05 16:59:45.780 +09:00 [INF] Executed action InventoryHub.API.Controllers.ProductsController.GetAll (InventoryHub.API) in 75.6613ms
2026-04-05 16:59:45.781 +09:00 [INF] Executed endpoint 'InventoryHub.API.Controllers.ProductsController.GetAll (InventoryHub.API)'
2026-04-05 16:59:45.781 +09:00 [INF] Request finished HTTP/1.1 GET http://localhost:5022/api/products - 200 null application/json; charset=utf-8 81.5347ms
2026-04-05 17:00:10.071 +09:00 [INF] Request starting HTTP/1.1 GET http://localhost:5022/api/suppliers - null null
2026-04-05 17:00:10.071 +09:00 [INF] Request starting HTTP/1.1 GET http://localhost:5022/api/products - null null
2026-04-05 17:00:10.071 +09:00 [INF] Request starting HTTP/1.1 GET http://localhost:5022/api/categories - null null
2026-04-05 17:00:10.073 +09:00 [INF] CORS policy execution successful.
2026-04-05 17:00:10.073 +09:00 [INF] CORS policy execution successful.
2026-04-05 17:00:10.073 +09:00 [INF] CORS policy execution successful.
2026-04-05 17:00:10.073 +09:00 [INF] Executing endpoint 'InventoryHub.API.Controllers.SuppliersController.GetAll (InventoryHub.API)'
2026-04-05 17:00:10.073 +09:00 [INF] Executing endpoint 'InventoryHub.API.Controllers.ProductsController.GetAll (InventoryHub.API)'
2026-04-05 17:00:10.073 +09:00 [INF] Executing endpoint 'InventoryHub.API.Controllers.CategoriesController.GetCategories (InventoryHub.API)'
2026-04-05 17:00:10.073 +09:00 [INF] Route matched with {action = "GetAll", controller = "Suppliers"}. Executing controller action with signature System.Threading.Tasks.Task`1[Microsoft.AspNetCore.Mvc.ActionResult`1[System.Collections.Generic.IEnumerable`1[InventoryHub.API.DTOs.SupplierDto]]] GetAll() on controller InventoryHub.API.Controllers.SuppliersController (InventoryHub.API).
2026-04-05 17:00:10.073 +09:00 [INF] Route matched with {action = "GetAll", controller = "Products"}. Executing controller action with signature System.Threading.Tasks.Task`1[Microsoft.AspNetCore.Mvc.ActionResult`1[System.Collections.Generic.IEnumerable`1[InventoryHub.API.DTOs.ProductDto]]] GetAll() on controller InventoryHub.API.Controllers.ProductsController (InventoryHub.API).
2026-04-05 17:00:10.073 +09:00 [INF] Route matched with {action = "GetCategories", controller = "Categories"}. Executing controller action with signature System.Threading.Tasks.Task`1[Microsoft.AspNetCore.Mvc.ActionResult`1[System.Collections.Generic.IEnumerable`1[InventoryHub.API.DTOs.CategoryDto]]] GetCategories() on controller InventoryHub.API.Controllers.CategoriesController (InventoryHub.API).
2026-04-05 17:00:10.104 +09:00 [INF] Executed DbCommand (2ms) [Parameters=[], CommandType='"Text"', CommandTimeout='30']
SELECT `c`.`id`, `c`.`created_at`, `c`.`is_deleted`, `c`.`name`, `c`.`updated_at`
FROM `categories` AS `c`
WHERE NOT (`c`.`is_deleted`)
ORDER BY `c`.`name`
2026-04-05 17:00:10.104 +09:00 [INF] Executed DbCommand (3ms) [Parameters=[], CommandType='"Text"', CommandTimeout='30']
SELECT `p`.`id`, `p`.`category_id`, `p`.`created_at`, `p`.`is_deleted`, `p`.`name`, `p`.`updated_at`, `c`.`id`, `c`.`created_at`, `c`.`is_deleted`, `c`.`name`, `c`.`updated_at`
FROM `products` AS `p`
INNER JOIN `categories` AS `c` ON `p`.`category_id` = `c`.`id`
WHERE NOT (`p`.`is_deleted`)
ORDER BY `p`.`name`
2026-04-05 17:00:10.104 +09:00 [INF] Executed DbCommand (2ms) [Parameters=[], CommandType='"Text"', CommandTimeout='30']
SELECT `s`.`id`, `s`.`created_at`, `s`.`is_deleted`, `s`.`name`, `s`.`updated_at`
FROM `suppliers` AS `s`
WHERE NOT (`s`.`is_deleted`)
ORDER BY `s`.`name`
2026-04-05 17:00:10.106 +09:00 [INF] Executing OkObjectResult, writing value of type 'System.Collections.Generic.List`1[[InventoryHub.API.DTOs.CategoryDto, InventoryHub.API, Version=1.0.0.0, Culture=neutral, PublicKeyToken=null]]'.
2026-04-05 17:00:10.106 +09:00 [INF] Executing OkObjectResult, writing value of type 'System.Collections.Generic.List`1[[InventoryHub.API.DTOs.SupplierDto, InventoryHub.API, Version=1.0.0.0, Culture=neutral, PublicKeyToken=null]]'.
2026-04-05 17:00:10.107 +09:00 [INF] Executed action InventoryHub.API.Controllers.CategoriesController.GetCategories (InventoryHub.API) in 32.9924ms
2026-04-05 17:00:10.107 +09:00 [INF] Executed endpoint 'InventoryHub.API.Controllers.CategoriesController.GetCategories (InventoryHub.API)'
2026-04-05 17:00:10.107 +09:00 [INF] Executed action InventoryHub.API.Controllers.SuppliersController.GetAll (InventoryHub.API) in 33.2085ms
2026-04-05 17:00:10.107 +09:00 [INF] Executing OkObjectResult, writing value of type 'System.Linq.Enumerable+ListSelectIterator`2[[InventoryHub.API.Models.Product, InventoryHub.API, Version=1.0.0.0, Culture=neutral, PublicKeyToken=null],[InventoryHub.API.DTOs.ProductDto, InventoryHub.API, Version=1.0.0.0, Culture=neutral, PublicKeyToken=null]]'.
2026-04-05 17:00:10.107 +09:00 [INF] Request finished HTTP/1.1 GET http://localhost:5022/api/categories - 200 null application/json; charset=utf-8 35.2948ms
2026-04-05 17:00:10.107 +09:00 [INF] Executed endpoint 'InventoryHub.API.Controllers.SuppliersController.GetAll (InventoryHub.API)'
2026-04-05 17:00:10.107 +09:00 [INF] Request finished HTTP/1.1 GET http://localhost:5022/api/suppliers - 200 null application/json; charset=utf-8 35.9218ms
2026-04-05 17:00:10.107 +09:00 [INF] Executed action InventoryHub.API.Controllers.ProductsController.GetAll (InventoryHub.API) in 33.5175ms
2026-04-05 17:00:10.107 +09:00 [INF] Executed endpoint 'InventoryHub.API.Controllers.ProductsController.GetAll (InventoryHub.API)'
2026-04-05 17:00:10.107 +09:00 [INF] Request finished HTTP/1.1 GET http://localhost:5022/api/products - 200 null application/json; charset=utf-8 36.0065ms
2026-04-05 17:00:19.367 +09:00 [INF] Request starting HTTP/1.1 GET http://localhost:5022/api/categories - null null
2026-04-05 17:00:19.367 +09:00 [INF] Request starting HTTP/1.1 GET http://localhost:5022/api/suppliers - null null
2026-04-05 17:00:19.368 +09:00 [INF] Request starting HTTP/1.1 GET http://localhost:5022/api/products - null null
2026-04-05 17:00:19.368 +09:00 [INF] CORS policy execution successful.
2026-04-05 17:00:19.369 +09:00 [INF] CORS policy execution successful.
2026-04-05 17:00:19.368 +09:00 [INF] CORS policy execution successful.
2026-04-05 17:00:19.369 +09:00 [INF] Executing endpoint 'InventoryHub.API.Controllers.SuppliersController.GetAll (InventoryHub.API)'
2026-04-05 17:00:19.369 +09:00 [INF] Executing endpoint 'InventoryHub.API.Controllers.ProductsController.GetAll (InventoryHub.API)'
2026-04-05 17:00:19.369 +09:00 [INF] Executing endpoint 'InventoryHub.API.Controllers.CategoriesController.GetCategories (InventoryHub.API)'
2026-04-05 17:00:19.370 +09:00 [INF] Route matched with {action = "GetAll", controller = "Suppliers"}. Executing controller action with signature System.Threading.Tasks.Task`1[Microsoft.AspNetCore.Mvc.ActionResult`1[System.Collections.Generic.IEnumerable`1[InventoryHub.API.DTOs.SupplierDto]]] GetAll() on controller InventoryHub.API.Controllers.SuppliersController (InventoryHub.API).
2026-04-05 17:00:19.370 +09:00 [INF] Route matched with {action = "GetCategories", controller = "Categories"}. Executing controller action with signature System.Threading.Tasks.Task`1[Microsoft.AspNetCore.Mvc.ActionResult`1[System.Collections.Generic.IEnumerable`1[InventoryHub.API.DTOs.CategoryDto]]] GetCategories() on controller InventoryHub.API.Controllers.CategoriesController (InventoryHub.API).
2026-04-05 17:00:19.370 +09:00 [INF] Route matched with {action = "GetAll", controller = "Products"}. Executing controller action with signature System.Threading.Tasks.Task`1[Microsoft.AspNetCore.Mvc.ActionResult`1[System.Collections.Generic.IEnumerable`1[InventoryHub.API.DTOs.ProductDto]]] GetAll() on controller InventoryHub.API.Controllers.ProductsController (InventoryHub.API).
2026-04-05 17:00:19.468 +09:00 [INF] Executed DbCommand (4ms) [Parameters=[], CommandType='"Text"', CommandTimeout='30']
SELECT `s`.`id`, `s`.`created_at`, `s`.`is_deleted`, `s`.`name`, `s`.`updated_at`
FROM `suppliers` AS `s`
WHERE NOT (`s`.`is_deleted`)
ORDER BY `s`.`name`
2026-04-05 17:00:19.468 +09:00 [INF] Executed DbCommand (4ms) [Parameters=[], CommandType='"Text"', CommandTimeout='30']
SELECT `c`.`id`, `c`.`created_at`, `c`.`is_deleted`, `c`.`name`, `c`.`updated_at`
FROM `categories` AS `c`
WHERE NOT (`c`.`is_deleted`)
ORDER BY `c`.`name`
2026-04-05 17:00:19.469 +09:00 [INF] Executing OkObjectResult, writing value of type 'System.Collections.Generic.List`1[[InventoryHub.API.DTOs.CategoryDto, InventoryHub.API, Version=1.0.0.0, Culture=neutral, PublicKeyToken=null]]'.
2026-04-05 17:00:19.469 +09:00 [INF] Executing OkObjectResult, writing value of type 'System.Collections.Generic.List`1[[InventoryHub.API.DTOs.SupplierDto, InventoryHub.API, Version=1.0.0.0, Culture=neutral, PublicKeyToken=null]]'.
2026-04-05 17:00:19.469 +09:00 [INF] Executed action InventoryHub.API.Controllers.SuppliersController.GetAll (InventoryHub.API) in 98.4312ms
2026-04-05 17:00:19.469 +09:00 [INF] Executed action InventoryHub.API.Controllers.CategoriesController.GetCategories (InventoryHub.API) in 98.4551ms
2026-04-05 17:00:19.469 +09:00 [INF] Executed endpoint 'InventoryHub.API.Controllers.SuppliersController.GetAll (InventoryHub.API)'
2026-04-05 17:00:19.469 +09:00 [INF] Executed endpoint 'InventoryHub.API.Controllers.CategoriesController.GetCategories (InventoryHub.API)'
2026-04-05 17:00:19.470 +09:00 [INF] Request finished HTTP/1.1 GET http://localhost:5022/api/suppliers - 200 null application/json; charset=utf-8 102.6413ms
2026-04-05 17:00:19.470 +09:00 [INF] Request finished HTTP/1.1 GET http://localhost:5022/api/categories - 200 null application/json; charset=utf-8 102.7161ms
2026-04-05 17:00:19.479 +09:00 [INF] Executed DbCommand (10ms) [Parameters=[], CommandType='"Text"', CommandTimeout='30']
SELECT `p`.`id`, `p`.`category_id`, `p`.`created_at`, `p`.`is_deleted`, `p`.`name`, `p`.`updated_at`, `c`.`id`, `c`.`created_at`, `c`.`is_deleted`, `c`.`name`, `c`.`updated_at`
FROM `products` AS `p`
INNER JOIN `categories` AS `c` ON `p`.`category_id` = `c`.`id`
WHERE NOT (`p`.`is_deleted`)
ORDER BY `p`.`name`
2026-04-05 17:00:19.480 +09:00 [INF] Executing OkObjectResult, writing value of type 'System.Linq.Enumerable+ListSelectIterator`2[[InventoryHub.API.Models.Product, InventoryHub.API, Version=1.0.0.0, Culture=neutral, PublicKeyToken=null],[InventoryHub.API.DTOs.ProductDto, InventoryHub.API, Version=1.0.0.0, Culture=neutral, PublicKeyToken=null]]'.
2026-04-05 17:00:19.480 +09:00 [INF] Executed action InventoryHub.API.Controllers.ProductsController.GetAll (InventoryHub.API) in 109.6617ms
2026-04-05 17:00:19.481 +09:00 [INF] Executed endpoint 'InventoryHub.API.Controllers.ProductsController.GetAll (InventoryHub.API)'
2026-04-05 17:00:19.481 +09:00 [INF] Request finished HTTP/1.1 GET http://localhost:5022/api/products - 200 null application/json; charset=utf-8 112.4269ms
2026-04-05 17:00:23.655 +09:00 [INF] Request starting HTTP/1.1 GET http://localhost:5022/api/products - null null
2026-04-05 17:00:23.655 +09:00 [INF] Request starting HTTP/1.1 GET http://localhost:5022/api/suppliers - null null
2026-04-05 17:00:23.655 +09:00 [INF] Request starting HTTP/1.1 GET http://localhost:5022/api/categories - null null
2026-04-05 17:00:23.656 +09:00 [INF] CORS policy execution successful.
2026-04-05 17:00:23.656 +09:00 [INF] CORS policy execution successful.
2026-04-05 17:00:23.656 +09:00 [INF] CORS policy execution successful.
2026-04-05 17:00:23.656 +09:00 [INF] Executing endpoint 'InventoryHub.API.Controllers.ProductsController.GetAll (InventoryHub.API)'
2026-04-05 17:00:23.656 +09:00 [INF] Executing endpoint 'InventoryHub.API.Controllers.CategoriesController.GetCategories (InventoryHub.API)'
2026-04-05 17:00:23.656 +09:00 [INF] Executing endpoint 'InventoryHub.API.Controllers.SuppliersController.GetAll (InventoryHub.API)'
2026-04-05 17:00:23.657 +09:00 [INF] Route matched with {action = "GetAll", controller = "Suppliers"}. Executing controller action with signature System.Threading.Tasks.Task`1[Microsoft.AspNetCore.Mvc.ActionResult`1[System.Collections.Generic.IEnumerable`1[InventoryHub.API.DTOs.SupplierDto]]] GetAll() on controller InventoryHub.API.Controllers.SuppliersController (InventoryHub.API).
2026-04-05 17:00:23.657 +09:00 [INF] Route matched with {action = "GetAll", controller = "Products"}. Executing controller action with signature System.Threading.Tasks.Task`1[Microsoft.AspNetCore.Mvc.ActionResult`1[System.Collections.Generic.IEnumerable`1[InventoryHub.API.DTOs.ProductDto]]] GetAll() on controller InventoryHub.API.Controllers.ProductsController (InventoryHub.API).
2026-04-05 17:00:23.657 +09:00 [INF] Route matched with {action = "GetCategories", controller = "Categories"}. Executing controller action with signature System.Threading.Tasks.Task`1[Microsoft.AspNetCore.Mvc.ActionResult`1[System.Collections.Generic.IEnumerable`1[InventoryHub.API.DTOs.CategoryDto]]] GetCategories() on controller InventoryHub.API.Controllers.CategoriesController (InventoryHub.API).
2026-04-05 17:00:23.721 +09:00 [INF] Executed DbCommand (1ms) [Parameters=[], CommandType='"Text"', CommandTimeout='30']
SELECT `s`.`id`, `s`.`created_at`, `s`.`is_deleted`, `s`.`name`, `s`.`updated_at`
FROM `suppliers` AS `s`
WHERE NOT (`s`.`is_deleted`)
ORDER BY `s`.`name`
2026-04-05 17:00:23.721 +09:00 [INF] Executed DbCommand (1ms) [Parameters=[], CommandType='"Text"', CommandTimeout='30']
SELECT `c`.`id`, `c`.`created_at`, `c`.`is_deleted`, `c`.`name`, `c`.`updated_at`
FROM `categories` AS `c`
WHERE NOT (`c`.`is_deleted`)
ORDER BY `c`.`name`
2026-04-05 17:00:23.725 +09:00 [INF] Executing OkObjectResult, writing value of type 'System.Collections.Generic.List`1[[InventoryHub.API.DTOs.CategoryDto, InventoryHub.API, Version=1.0.0.0, Culture=neutral, PublicKeyToken=null]]'.
2026-04-05 17:00:23.725 +09:00 [INF] Executing OkObjectResult, writing value of type 'System.Collections.Generic.List`1[[InventoryHub.API.DTOs.SupplierDto, InventoryHub.API, Version=1.0.0.0, Culture=neutral, PublicKeyToken=null]]'.
2026-04-05 17:00:23.727 +09:00 [INF] Executed action InventoryHub.API.Controllers.SuppliersController.GetAll (InventoryHub.API) in 69.895ms
2026-04-05 17:00:23.727 +09:00 [INF] Executed action InventoryHub.API.Controllers.CategoriesController.GetCategories (InventoryHub.API) in 69.6366ms
2026-04-05 17:00:23.727 +09:00 [INF] Executed endpoint 'InventoryHub.API.Controllers.CategoriesController.GetCategories (InventoryHub.API)'
2026-04-05 17:00:23.727 +09:00 [INF] Executed endpoint 'InventoryHub.API.Controllers.SuppliersController.GetAll (InventoryHub.API)'
2026-04-05 17:00:23.727 +09:00 [INF] Request finished HTTP/1.1 GET http://localhost:5022/api/categories - 200 null application/json; charset=utf-8 72.0038ms
2026-04-05 17:00:23.727 +09:00 [INF] Request finished HTTP/1.1 GET http://localhost:5022/api/suppliers - 200 null application/json; charset=utf-8 72.0822ms
2026-04-05 17:00:23.728 +09:00 [INF] Executed DbCommand (2ms) [Parameters=[], CommandType='"Text"', CommandTimeout='30']
SELECT `p`.`id`, `p`.`category_id`, `p`.`created_at`, `p`.`is_deleted`, `p`.`name`, `p`.`updated_at`, `c`.`id`, `c`.`created_at`, `c`.`is_deleted`, `c`.`name`, `c`.`updated_at`
FROM `products` AS `p`
INNER JOIN `categories` AS `c` ON `p`.`category_id` = `c`.`id`
WHERE NOT (`p`.`is_deleted`)
ORDER BY `p`.`name`
2026-04-05 17:00:23.729 +09:00 [INF] Executing OkObjectResult, writing value of type 'System.Linq.Enumerable+ListSelectIterator`2[[InventoryHub.API.Models.Product, InventoryHub.API, Version=1.0.0.0, Culture=neutral, PublicKeyToken=null],[InventoryHub.API.DTOs.ProductDto, InventoryHub.API, Version=1.0.0.0, Culture=neutral, PublicKeyToken=null]]'.
2026-04-05 17:00:23.729 +09:00 [INF] Executed action InventoryHub.API.Controllers.ProductsController.GetAll (InventoryHub.API) in 72.6513ms
2026-04-05 17:00:23.730 +09:00 [INF] Executed endpoint 'InventoryHub.API.Controllers.ProductsController.GetAll (InventoryHub.API)'
2026-04-05 17:00:23.730 +09:00 [INF] Request finished HTTP/1.1 GET http://localhost:5022/api/products - 200 null application/json; charset=utf-8 74.5308ms
2026-04-05 17:00:25.195 +09:00 [INF] Request starting HTTP/1.1 GET http://localhost:5022/api/suppliers - null null
2026-04-05 17:00:25.195 +09:00 [INF] Request starting HTTP/1.1 GET http://localhost:5022/api/products - null null
2026-04-05 17:00:25.195 +09:00 [INF] Request starting HTTP/1.1 GET http://localhost:5022/api/categories - null null
2026-04-05 17:00:25.199 +09:00 [INF] CORS policy execution successful.
2026-04-05 17:00:25.199 +09:00 [INF] CORS policy execution successful.
2026-04-05 17:00:25.199 +09:00 [INF] CORS policy execution successful.
2026-04-05 17:00:25.200 +09:00 [INF] Executing endpoint 'InventoryHub.API.Controllers.SuppliersController.GetAll (InventoryHub.API)'
2026-04-05 17:00:25.200 +09:00 [INF] Executing endpoint 'InventoryHub.API.Controllers.CategoriesController.GetCategories (InventoryHub.API)'
2026-04-05 17:00:25.200 +09:00 [INF] Executing endpoint 'InventoryHub.API.Controllers.ProductsController.GetAll (InventoryHub.API)'
2026-04-05 17:00:25.201 +09:00 [INF] Route matched with {action = "GetCategories", controller = "Categories"}. Executing controller action with signature System.Threading.Tasks.Task`1[Microsoft.AspNetCore.Mvc.ActionResult`1[System.Collections.Generic.IEnumerable`1[InventoryHub.API.DTOs.CategoryDto]]] GetCategories() on controller InventoryHub.API.Controllers.CategoriesController (InventoryHub.API).
2026-04-05 17:00:25.201 +09:00 [INF] Route matched with {action = "GetAll", controller = "Suppliers"}. Executing controller action with signature System.Threading.Tasks.Task`1[Microsoft.AspNetCore.Mvc.ActionResult`1[System.Collections.Generic.IEnumerable`1[InventoryHub.API.DTOs.SupplierDto]]] GetAll() on controller InventoryHub.API.Controllers.SuppliersController (InventoryHub.API).
2026-04-05 17:00:25.201 +09:00 [INF] Route matched with {action = "GetAll", controller = "Products"}. Executing controller action with signature System.Threading.Tasks.Task`1[Microsoft.AspNetCore.Mvc.ActionResult`1[System.Collections.Generic.IEnumerable`1[InventoryHub.API.DTOs.ProductDto]]] GetAll() on controller InventoryHub.API.Controllers.ProductsController (InventoryHub.API).
2026-04-05 17:00:25.224 +09:00 [INF] Executed DbCommand (0ms) [Parameters=[], CommandType='"Text"', CommandTimeout='30']
SELECT `c`.`id`, `c`.`created_at`, `c`.`is_deleted`, `c`.`name`, `c`.`updated_at`
FROM `categories` AS `c`
WHERE NOT (`c`.`is_deleted`)
ORDER BY `c`.`name`
2026-04-05 17:00:25.224 +09:00 [INF] Executing OkObjectResult, writing value of type 'System.Collections.Generic.List`1[[InventoryHub.API.DTOs.CategoryDto, InventoryHub.API, Version=1.0.0.0, Culture=neutral, PublicKeyToken=null]]'.
2026-04-05 17:00:25.224 +09:00 [INF] Executed action InventoryHub.API.Controllers.CategoriesController.GetCategories (InventoryHub.API) in 23.1107ms
2026-04-05 17:00:25.224 +09:00 [INF] Executed endpoint 'InventoryHub.API.Controllers.CategoriesController.GetCategories (InventoryHub.API)'
2026-04-05 17:00:25.224 +09:00 [INF] Request finished HTTP/1.1 GET http://localhost:5022/api/categories - 200 null application/json; charset=utf-8 29.0197ms
2026-04-05 17:00:25.225 +09:00 [INF] Executed DbCommand (3ms) [Parameters=[], CommandType='"Text"', CommandTimeout='30']
SELECT `s`.`id`, `s`.`created_at`, `s`.`is_deleted`, `s`.`name`, `s`.`updated_at`
FROM `suppliers` AS `s`
WHERE NOT (`s`.`is_deleted`)
ORDER BY `s`.`name`
2026-04-05 17:00:25.226 +09:00 [INF] Executing OkObjectResult, writing value of type 'System.Collections.Generic.List`1[[InventoryHub.API.DTOs.SupplierDto, InventoryHub.API, Version=1.0.0.0, Culture=neutral, PublicKeyToken=null]]'.
2026-04-05 17:00:25.226 +09:00 [INF] Executed DbCommand (3ms) [Parameters=[], CommandType='"Text"', CommandTimeout='30']
SELECT `p`.`id`, `p`.`category_id`, `p`.`created_at`, `p`.`is_deleted`, `p`.`name`, `p`.`updated_at`, `c`.`id`, `c`.`created_at`, `c`.`is_deleted`, `c`.`name`, `c`.`updated_at`
FROM `products` AS `p`
INNER JOIN `categories` AS `c` ON `p`.`category_id` = `c`.`id`
WHERE NOT (`p`.`is_deleted`)
ORDER BY `p`.`name`
2026-04-05 17:00:25.226 +09:00 [INF] Executed action InventoryHub.API.Controllers.SuppliersController.GetAll (InventoryHub.API) in 24.399ms
2026-04-05 17:00:25.226 +09:00 [INF] Executed endpoint 'InventoryHub.API.Controllers.SuppliersController.GetAll (InventoryHub.API)'
2026-04-05 17:00:25.226 +09:00 [INF] Request finished HTTP/1.1 GET http://localhost:5022/api/suppliers - 200 null application/json; charset=utf-8 30.7275ms
2026-04-05 17:00:25.226 +09:00 [INF] Executing OkObjectResult, writing value of type 'System.Linq.Enumerable+ListSelectIterator`2[[InventoryHub.API.Models.Product, InventoryHub.API, Version=1.0.0.0, Culture=neutral, PublicKeyToken=null],[InventoryHub.API.DTOs.ProductDto, InventoryHub.API, Version=1.0.0.0, Culture=neutral, PublicKeyToken=null]]'.
2026-04-05 17:00:25.227 +09:00 [INF] Executed action InventoryHub.API.Controllers.ProductsController.GetAll (InventoryHub.API) in 25.1998ms
2026-04-05 17:00:25.227 +09:00 [INF] Executed endpoint 'InventoryHub.API.Controllers.ProductsController.GetAll (InventoryHub.API)'
2026-04-05 17:00:25.227 +09:00 [INF] Request finished HTTP/1.1 GET http://localhost:5022/api/products - 200 null application/json; charset=utf-8 31.4322ms
2026-04-05 17:02:17.649 +09:00 [INF] Request starting HTTP/1.1 GET http://localhost:5022/api/products - null null
2026-04-05 17:02:17.644 +09:00 [INF] Request starting HTTP/1.1 GET http://localhost:5022/api/categories - null null
2026-04-05 17:02:17.644 +09:00 [INF] Request starting HTTP/1.1 GET http://localhost:5022/api/suppliers - null null
2026-04-05 17:02:17.697 +09:00 [INF] CORS policy execution successful.
2026-04-05 17:02:17.697 +09:00 [INF] CORS policy execution successful.
2026-04-05 17:02:17.697 +09:00 [INF] CORS policy execution successful.
2026-04-05 17:02:17.705 +09:00 [INF] Executing endpoint 'InventoryHub.API.Controllers.SuppliersController.GetAll (InventoryHub.API)'
2026-04-05 17:02:17.705 +09:00 [INF] Executing endpoint 'InventoryHub.API.Controllers.CategoriesController.GetCategories (InventoryHub.API)'
2026-04-05 17:02:17.705 +09:00 [INF] Executing endpoint 'InventoryHub.API.Controllers.ProductsController.GetAll (InventoryHub.API)'
2026-04-05 17:02:17.712 +09:00 [INF] Route matched with {action = "GetAll", controller = "Suppliers"}. Executing controller action with signature System.Threading.Tasks.Task`1[Microsoft.AspNetCore.Mvc.ActionResult`1[System.Collections.Generic.IEnumerable`1[InventoryHub.API.DTOs.SupplierDto]]] GetAll() on controller InventoryHub.API.Controllers.SuppliersController (InventoryHub.API).
2026-04-05 17:02:17.712 +09:00 [INF] Route matched with {action = "GetCategories", controller = "Categories"}. Executing controller action with signature System.Threading.Tasks.Task`1[Microsoft.AspNetCore.Mvc.ActionResult`1[System.Collections.Generic.IEnumerable`1[InventoryHub.API.DTOs.CategoryDto]]] GetCategories() on controller InventoryHub.API.Controllers.CategoriesController (InventoryHub.API).
2026-04-05 17:02:17.712 +09:00 [INF] Route matched with {action = "GetAll", controller = "Products"}. Executing controller action with signature System.Threading.Tasks.Task`1[Microsoft.AspNetCore.Mvc.ActionResult`1[System.Collections.Generic.IEnumerable`1[InventoryHub.API.DTOs.ProductDto]]] GetAll() on controller InventoryHub.API.Controllers.ProductsController (InventoryHub.API).
2026-04-05 17:02:18.636 +09:00 [INF] Executed DbCommand (95ms) [Parameters=[], CommandType='"Text"', CommandTimeout='30']
SELECT `c`.`id`, `c`.`created_at`, `c`.`is_deleted`, `c`.`name`, `c`.`updated_at`
FROM `categories` AS `c`
WHERE NOT (`c`.`is_deleted`)
ORDER BY `c`.`name`
2026-04-05 17:02:18.636 +09:00 [INF] Executed DbCommand (95ms) [Parameters=[], CommandType='"Text"', CommandTimeout='30']
SELECT `s`.`id`, `s`.`created_at`, `s`.`is_deleted`, `s`.`name`, `s`.`updated_at`
FROM `suppliers` AS `s`
WHERE NOT (`s`.`is_deleted`)
ORDER BY `s`.`name`
2026-04-05 17:02:18.636 +09:00 [INF] Executed DbCommand (95ms) [Parameters=[], CommandType='"Text"', CommandTimeout='30']
SELECT `p`.`id`, `p`.`category_id`, `p`.`created_at`, `p`.`is_deleted`, `p`.`name`, `p`.`updated_at`, `c`.`id`, `c`.`created_at`, `c`.`is_deleted`, `c`.`name`, `c`.`updated_at`
FROM `products` AS `p`
INNER JOIN `categories` AS `c` ON `p`.`category_id` = `c`.`id`
WHERE NOT (`p`.`is_deleted`)
ORDER BY `p`.`name`
2026-04-05 17:02:18.639 +09:00 [INF] Executing OkObjectResult, writing value of type 'System.Collections.Generic.List`1[[InventoryHub.API.DTOs.CategoryDto, InventoryHub.API, Version=1.0.0.0, Culture=neutral, PublicKeyToken=null]]'.
2026-04-05 17:02:18.639 +09:00 [INF] Executing OkObjectResult, writing value of type 'System.Linq.Enumerable+ListSelectIterator`2[[InventoryHub.API.Models.Product, InventoryHub.API, Version=1.0.0.0, Culture=neutral, PublicKeyToken=null],[InventoryHub.API.DTOs.ProductDto, InventoryHub.API, Version=1.0.0.0, Culture=neutral, PublicKeyToken=null]]'.
2026-04-05 17:02:18.639 +09:00 [INF] Executing OkObjectResult, writing value of type 'System.Collections.Generic.List`1[[InventoryHub.API.DTOs.SupplierDto, InventoryHub.API, Version=1.0.0.0, Culture=neutral, PublicKeyToken=null]]'.
2026-04-05 17:02:18.640 +09:00 [INF] Executed action InventoryHub.API.Controllers.CategoriesController.GetCategories (InventoryHub.API) in 926.4181ms
2026-04-05 17:02:18.640 +09:00 [INF] Executed action InventoryHub.API.Controllers.SuppliersController.GetAll (InventoryHub.API) in 926.3699ms
2026-04-05 17:02:18.640 +09:00 [INF] Executed action InventoryHub.API.Controllers.ProductsController.GetAll (InventoryHub.API) in 926.4227ms
2026-04-05 17:02:18.640 +09:00 [INF] Executed endpoint 'InventoryHub.API.Controllers.CategoriesController.GetCategories (InventoryHub.API)'
2026-04-05 17:02:18.640 +09:00 [INF] Executed endpoint 'InventoryHub.API.Controllers.SuppliersController.GetAll (InventoryHub.API)'
2026-04-05 17:02:18.640 +09:00 [INF] Executed endpoint 'InventoryHub.API.Controllers.ProductsController.GetAll (InventoryHub.API)'
2026-04-05 17:02:18.645 +09:00 [INF] Request finished HTTP/1.1 GET http://localhost:5022/api/products - 200 null application/json; charset=utf-8 996.2572ms
2026-04-05 17:02:18.645 +09:00 [INF] Request finished HTTP/1.1 GET http://localhost:5022/api/suppliers - 200 null application/json; charset=utf-8 1003.7152ms
2026-04-05 17:02:18.645 +09:00 [INF] Request finished HTTP/1.1 GET http://localhost:5022/api/categories - 200 null application/json; charset=utf-8 1003.7495ms
2026-04-05 17:05:50.913 +09:00 [INF] Request starting HTTP/1.1 GET http://localhost:5022/api/suppliers - null null
2026-04-05 17:05:50.913 +09:00 [INF] Request starting HTTP/1.1 GET http://localhost:5022/api/categories - null null
2026-04-05 17:05:50.926 +09:00 [INF] CORS policy execution successful.
2026-04-05 17:05:50.913 +09:00 [INF] Request starting HTTP/1.1 GET http://localhost:5022/api/products - null null
2026-04-05 17:05:50.926 +09:00 [INF] CORS policy execution successful.
2026-04-05 17:05:50.927 +09:00 [INF] CORS policy execution successful.
2026-04-05 17:05:50.931 +09:00 [INF] Executing endpoint 'InventoryHub.API.Controllers.CategoriesController.GetCategories (InventoryHub.API)'
2026-04-05 17:05:50.931 +09:00 [INF] Executing endpoint 'InventoryHub.API.Controllers.SuppliersController.GetAll (InventoryHub.API)'
2026-04-05 17:05:50.931 +09:00 [INF] Executing endpoint 'InventoryHub.API.Controllers.ProductsController.GetAll (InventoryHub.API)'
2026-04-05 17:05:50.935 +09:00 [INF] Route matched with {action = "GetAll", controller = "Suppliers"}. Executing controller action with signature System.Threading.Tasks.Task`1[Microsoft.AspNetCore.Mvc.ActionResult`1[System.Collections.Generic.IEnumerable`1[InventoryHub.API.DTOs.SupplierDto]]] GetAll() on controller InventoryHub.API.Controllers.SuppliersController (InventoryHub.API).
2026-04-05 17:05:50.935 +09:00 [INF] Route matched with {action = "GetAll", controller = "Products"}. Executing controller action with signature System.Threading.Tasks.Task`1[Microsoft.AspNetCore.Mvc.ActionResult`1[System.Collections.Generic.IEnumerable`1[InventoryHub.API.DTOs.ProductDto]]] GetAll() on controller InventoryHub.API.Controllers.ProductsController (InventoryHub.API).
2026-04-05 17:05:50.935 +09:00 [INF] Route matched with {action = "GetCategories", controller = "Categories"}. Executing controller action with signature System.Threading.Tasks.Task`1[Microsoft.AspNetCore.Mvc.ActionResult`1[System.Collections.Generic.IEnumerable`1[InventoryHub.API.DTOs.CategoryDto]]] GetCategories() on controller InventoryHub.API.Controllers.CategoriesController (InventoryHub.API).
2026-04-05 17:05:51.810 +09:00 [INF] Executed DbCommand (41ms) [Parameters=[], CommandType='"Text"', CommandTimeout='30']
SELECT `s`.`id`, `s`.`created_at`, `s`.`is_deleted`, `s`.`name`, `s`.`updated_at`
FROM `suppliers` AS `s`
WHERE NOT (`s`.`is_deleted`)
ORDER BY `s`.`name`
2026-04-05 17:05:51.810 +09:00 [INF] Executed DbCommand (41ms) [Parameters=[], CommandType='"Text"', CommandTimeout='30']
SELECT `p`.`id`, `p`.`category_id`, `p`.`created_at`, `p`.`is_deleted`, `p`.`name`, `p`.`updated_at`, `c`.`id`, `c`.`created_at`, `c`.`is_deleted`, `c`.`name`, `c`.`updated_at`
FROM `products` AS `p`
INNER JOIN `categories` AS `c` ON `p`.`category_id` = `c`.`id`
WHERE NOT (`p`.`is_deleted`)
ORDER BY `p`.`name`
2026-04-05 17:05:51.810 +09:00 [INF] Executed DbCommand (41ms) [Parameters=[], CommandType='"Text"', CommandTimeout='30']
SELECT `c`.`id`, `c`.`created_at`, `c`.`is_deleted`, `c`.`name`, `c`.`updated_at`
FROM `categories` AS `c`
WHERE NOT (`c`.`is_deleted`)
ORDER BY `c`.`name`
2026-04-05 17:05:51.815 +09:00 [INF] Executing OkObjectResult, writing value of type 'System.Collections.Generic.List`1[[InventoryHub.API.DTOs.CategoryDto, InventoryHub.API, Version=1.0.0.0, Culture=neutral, PublicKeyToken=null]]'.
2026-04-05 17:05:51.815 +09:00 [INF] Executing OkObjectResult, writing value of type 'System.Collections.Generic.List`1[[InventoryHub.API.DTOs.SupplierDto, InventoryHub.API, Version=1.0.0.0, Culture=neutral, PublicKeyToken=null]]'.
2026-04-05 17:05:51.815 +09:00 [INF] Executing OkObjectResult, writing value of type 'System.Linq.Enumerable+ListSelectIterator`2[[InventoryHub.API.Models.Product, InventoryHub.API, Version=1.0.0.0, Culture=neutral, PublicKeyToken=null],[InventoryHub.API.DTOs.ProductDto, InventoryHub.API, Version=1.0.0.0, Culture=neutral, PublicKeyToken=null]]'.
2026-04-05 17:05:51.816 +09:00 [INF] Executed action InventoryHub.API.Controllers.SuppliersController.GetAll (InventoryHub.API) in 881.1047ms
2026-04-05 17:05:51.816 +09:00 [INF] Executed action InventoryHub.API.Controllers.CategoriesController.GetCategories (InventoryHub.API) in 880.7899ms
2026-04-05 17:05:51.817 +09:00 [INF] Executed endpoint 'InventoryHub.API.Controllers.SuppliersController.GetAll (InventoryHub.API)'
2026-04-05 17:05:51.817 +09:00 [INF] Executed action InventoryHub.API.Controllers.ProductsController.GetAll (InventoryHub.API) in 881.2776ms
2026-04-05 17:05:51.817 +09:00 [INF] Executed endpoint 'InventoryHub.API.Controllers.CategoriesController.GetCategories (InventoryHub.API)'
2026-04-05 17:05:51.817 +09:00 [INF] Request finished HTTP/1.1 GET http://localhost:5022/api/suppliers - 200 null application/json; charset=utf-8 904.3271ms
2026-04-05 17:05:51.817 +09:00 [INF] Executed endpoint 'InventoryHub.API.Controllers.ProductsController.GetAll (InventoryHub.API)'
2026-04-05 17:05:51.817 +09:00 [INF] Request finished HTTP/1.1 GET http://localhost:5022/api/categories - 200 null application/json; charset=utf-8 904.7455ms
2026-04-05 17:05:51.817 +09:00 [INF] Request finished HTTP/1.1 GET http://localhost:5022/api/products - 200 null application/json; charset=utf-8 904.972ms
2026-04-05 17:06:24.110 +09:00 [INF] Request starting HTTP/1.1 GET http://localhost:5022/api/products - null null
2026-04-05 17:06:24.113 +09:00 [INF] Request starting HTTP/1.1 GET http://localhost:5022/api/categories - null null
2026-04-05 17:06:24.110 +09:00 [INF] Request starting HTTP/1.1 GET http://localhost:5022/api/suppliers - null null
2026-04-05 17:06:24.114 +09:00 [INF] CORS policy execution successful.
2026-04-05 17:06:24.114 +09:00 [INF] CORS policy execution successful.
2026-04-05 17:06:24.114 +09:00 [INF] CORS policy execution successful.
2026-04-05 17:06:24.115 +09:00 [INF] Executing endpoint 'InventoryHub.API.Controllers.ProductsController.GetAll (InventoryHub.API)'
2026-04-05 17:06:24.115 +09:00 [INF] Executing endpoint 'InventoryHub.API.Controllers.SuppliersController.GetAll (InventoryHub.API)'
2026-04-05 17:06:24.115 +09:00 [INF] Executing endpoint 'InventoryHub.API.Controllers.CategoriesController.GetCategories (InventoryHub.API)'
2026-04-05 17:06:24.115 +09:00 [INF] Route matched with {action = "GetAll", controller = "Products"}. Executing controller action with signature System.Threading.Tasks.Task`1[Microsoft.AspNetCore.Mvc.ActionResult`1[System.Collections.Generic.IEnumerable`1[InventoryHub.API.DTOs.ProductDto]]] GetAll() on controller InventoryHub.API.Controllers.ProductsController (InventoryHub.API).
2026-04-05 17:06:24.115 +09:00 [INF] Route matched with {action = "GetCategories", controller = "Categories"}. Executing controller action with signature System.Threading.Tasks.Task`1[Microsoft.AspNetCore.Mvc.ActionResult`1[System.Collections.Generic.IEnumerable`1[InventoryHub.API.DTOs.CategoryDto]]] GetCategories() on controller InventoryHub.API.Controllers.CategoriesController (InventoryHub.API).
2026-04-05 17:06:24.115 +09:00 [INF] Route matched with {action = "GetAll", controller = "Suppliers"}. Executing controller action with signature System.Threading.Tasks.Task`1[Microsoft.AspNetCore.Mvc.ActionResult`1[System.Collections.Generic.IEnumerable`1[InventoryHub.API.DTOs.SupplierDto]]] GetAll() on controller InventoryHub.API.Controllers.SuppliersController (InventoryHub.API).
2026-04-05 17:06:24.171 +09:00 [INF] Executed DbCommand (5ms) [Parameters=[], CommandType='"Text"', CommandTimeout='30']
SELECT `s`.`id`, `s`.`created_at`, `s`.`is_deleted`, `s`.`name`, `s`.`updated_at`
FROM `suppliers` AS `s`
WHERE NOT (`s`.`is_deleted`)
ORDER BY `s`.`name`
2026-04-05 17:06:24.171 +09:00 [INF] Executed DbCommand (5ms) [Parameters=[], CommandType='"Text"', CommandTimeout='30']
SELECT `c`.`id`, `c`.`created_at`, `c`.`is_deleted`, `c`.`name`, `c`.`updated_at`
FROM `categories` AS `c`
WHERE NOT (`c`.`is_deleted`)
ORDER BY `c`.`name`
2026-04-05 17:06:24.171 +09:00 [INF] Executing OkObjectResult, writing value of type 'System.Collections.Generic.List`1[[InventoryHub.API.DTOs.SupplierDto, InventoryHub.API, Version=1.0.0.0, Culture=neutral, PublicKeyToken=null]]'.
2026-04-05 17:06:24.172 +09:00 [INF] Executing OkObjectResult, writing value of type 'System.Collections.Generic.List`1[[InventoryHub.API.DTOs.CategoryDto, InventoryHub.API, Version=1.0.0.0, Culture=neutral, PublicKeyToken=null]]'.
2026-04-05 17:06:24.172 +09:00 [INF] Executed action InventoryHub.API.Controllers.CategoriesController.GetCategories (InventoryHub.API) in 56.6305ms
2026-04-05 17:06:24.172 +09:00 [INF] Executed action InventoryHub.API.Controllers.SuppliersController.GetAll (InventoryHub.API) in 56.5371ms
2026-04-05 17:06:24.172 +09:00 [INF] Executed endpoint 'InventoryHub.API.Controllers.CategoriesController.GetCategories (InventoryHub.API)'
2026-04-05 17:06:24.172 +09:00 [INF] Executed endpoint 'InventoryHub.API.Controllers.SuppliersController.GetAll (InventoryHub.API)'
2026-04-05 17:06:24.172 +09:00 [INF] Request finished HTTP/1.1 GET http://localhost:5022/api/suppliers - 200 null application/json; charset=utf-8 64.387ms
2026-04-05 17:06:24.172 +09:00 [INF] Request finished HTTP/1.1 GET http://localhost:5022/api/categories - 200 null application/json; charset=utf-8 59.0458ms
2026-04-05 17:06:24.199 +09:00 [INF] Executed DbCommand (34ms) [Parameters=[], CommandType='"Text"', CommandTimeout='30']
SELECT `p`.`id`, `p`.`category_id`, `p`.`created_at`, `p`.`is_deleted`, `p`.`name`, `p`.`updated_at`, `c`.`id`, `c`.`created_at`, `c`.`is_deleted`, `c`.`name`, `c`.`updated_at`
FROM `products` AS `p`
INNER JOIN `categories` AS `c` ON `p`.`category_id` = `c`.`id`
WHERE NOT (`p`.`is_deleted`)
ORDER BY `p`.`name`
2026-04-05 17:06:24.200 +09:00 [INF] Executing OkObjectResult, writing value of type 'System.Linq.Enumerable+ListSelectIterator`2[[InventoryHub.API.Models.Product, InventoryHub.API, Version=1.0.0.0, Culture=neutral, PublicKeyToken=null],[InventoryHub.API.DTOs.ProductDto, InventoryHub.API, Version=1.0.0.0, Culture=neutral, PublicKeyToken=null]]'.
2026-04-05 17:06:24.201 +09:00 [INF] Executed action InventoryHub.API.Controllers.ProductsController.GetAll (InventoryHub.API) in 85.89ms
2026-04-05 17:06:24.201 +09:00 [INF] Executed endpoint 'InventoryHub.API.Controllers.ProductsController.GetAll (InventoryHub.API)'
2026-04-05 17:06:24.202 +09:00 [INF] Request finished HTTP/1.1 GET http://localhost:5022/api/products - 200 null application/json; charset=utf-8 93.5202ms
2026-04-05 17:10:02.698 +09:00 [INF] Request starting HTTP/1.1 GET http://localhost:5022/api/categories - null null
2026-04-05 17:10:02.698 +09:00 [INF] Request starting HTTP/1.1 GET http://localhost:5022/api/products - null null
2026-04-05 17:10:02.698 +09:00 [INF] Request starting HTTP/1.1 GET http://localhost:5022/api/suppliers - null null
2026-04-05 17:10:02.718 +09:00 [INF] CORS policy execution successful.
2026-04-05 17:10:02.718 +09:00 [INF] CORS policy execution successful.
2026-04-05 17:10:02.718 +09:00 [INF] CORS policy execution successful.
2026-04-05 17:10:02.719 +09:00 [INF] Executing endpoint 'InventoryHub.API.Controllers.SuppliersController.GetAll (InventoryHub.API)'
2026-04-05 17:10:02.719 +09:00 [INF] Executing endpoint 'InventoryHub.API.Controllers.ProductsController.GetAll (InventoryHub.API)'
2026-04-05 17:10:02.719 +09:00 [INF] Executing endpoint 'InventoryHub.API.Controllers.CategoriesController.GetCategories (InventoryHub.API)'
2026-04-05 17:10:02.721 +09:00 [INF] Route matched with {action = "GetCategories", controller = "Categories"}. Executing controller action with signature System.Threading.Tasks.Task`1[Microsoft.AspNetCore.Mvc.ActionResult`1[System.Collections.Generic.IEnumerable`1[InventoryHub.API.DTOs.CategoryDto]]] GetCategories() on controller InventoryHub.API.Controllers.CategoriesController (InventoryHub.API).
2026-04-05 17:10:02.721 +09:00 [INF] Route matched with {action = "GetAll", controller = "Products"}. Executing controller action with signature System.Threading.Tasks.Task`1[Microsoft.AspNetCore.Mvc.ActionResult`1[System.Collections.Generic.IEnumerable`1[InventoryHub.API.DTOs.ProductDto]]] GetAll() on controller InventoryHub.API.Controllers.ProductsController (InventoryHub.API).
2026-04-05 17:10:02.721 +09:00 [INF] Route matched with {action = "GetAll", controller = "Suppliers"}. Executing controller action with signature System.Threading.Tasks.Task`1[Microsoft.AspNetCore.Mvc.ActionResult`1[System.Collections.Generic.IEnumerable`1[InventoryHub.API.DTOs.SupplierDto]]] GetAll() on controller InventoryHub.API.Controllers.SuppliersController (InventoryHub.API).
2026-04-05 17:10:03.365 +09:00 [INF] Executed DbCommand (17ms) [Parameters=[], CommandType='"Text"', CommandTimeout='30']
SELECT `p`.`id`, `p`.`category_id`, `p`.`created_at`, `p`.`is_deleted`, `p`.`name`, `p`.`updated_at`, `c`.`id`, `c`.`created_at`, `c`.`is_deleted`, `c`.`name`, `c`.`updated_at`
FROM `products` AS `p`
INNER JOIN `categories` AS `c` ON `p`.`category_id` = `c`.`id`
WHERE NOT (`p`.`is_deleted`)
ORDER BY `p`.`name`
2026-04-05 17:10:03.365 +09:00 [INF] Executed DbCommand (22ms) [Parameters=[], CommandType='"Text"', CommandTimeout='30']
SELECT `c`.`id`, `c`.`created_at`, `c`.`is_deleted`, `c`.`name`, `c`.`updated_at`
FROM `categories` AS `c`
WHERE NOT (`c`.`is_deleted`)
ORDER BY `c`.`name`
2026-04-05 17:10:03.365 +09:00 [INF] Executed DbCommand (20ms) [Parameters=[], CommandType='"Text"', CommandTimeout='30']
SELECT `s`.`id`, `s`.`created_at`, `s`.`is_deleted`, `s`.`name`, `s`.`updated_at`
FROM `suppliers` AS `s`
WHERE NOT (`s`.`is_deleted`)
ORDER BY `s`.`name`
2026-04-05 17:10:03.368 +09:00 [INF] Executing OkObjectResult, writing value of type 'System.Collections.Generic.List`1[[InventoryHub.API.DTOs.SupplierDto, InventoryHub.API, Version=1.0.0.0, Culture=neutral, PublicKeyToken=null]]'.
2026-04-05 17:10:03.368 +09:00 [INF] Executing OkObjectResult, writing value of type 'System.Collections.Generic.List`1[[InventoryHub.API.DTOs.CategoryDto, InventoryHub.API, Version=1.0.0.0, Culture=neutral, PublicKeyToken=null]]'.
2026-04-05 17:10:03.369 +09:00 [INF] Executing OkObjectResult, writing value of type 'System.Linq.Enumerable+ListSelectIterator`2[[InventoryHub.API.Models.Product, InventoryHub.API, Version=1.0.0.0, Culture=neutral, PublicKeyToken=null],[InventoryHub.API.DTOs.ProductDto, InventoryHub.API, Version=1.0.0.0, Culture=neutral, PublicKeyToken=null]]'.
2026-04-05 17:10:03.369 +09:00 [INF] Executed action InventoryHub.API.Controllers.SuppliersController.GetAll (InventoryHub.API) in 645.8231ms
2026-04-05 17:10:03.369 +09:00 [INF] Executed action InventoryHub.API.Controllers.CategoriesController.GetCategories (InventoryHub.API) in 646.0355ms
2026-04-05 17:10:03.369 +09:00 [INF] Executed action InventoryHub.API.Controllers.ProductsController.GetAll (InventoryHub.API) in 646.2629ms
2026-04-05 17:10:03.370 +09:00 [INF] Executed endpoint 'InventoryHub.API.Controllers.CategoriesController.GetCategories (InventoryHub.API)'
2026-04-05 17:10:03.370 +09:00 [INF] Executed endpoint 'InventoryHub.API.Controllers.ProductsController.GetAll (InventoryHub.API)'
2026-04-05 17:10:03.369 +09:00 [INF] Executed endpoint 'InventoryHub.API.Controllers.SuppliersController.GetAll (InventoryHub.API)'
2026-04-05 17:10:03.370 +09:00 [INF] Request finished HTTP/1.1 GET http://localhost:5022/api/categories - 200 null application/json; charset=utf-8 673.9824ms
2026-04-05 17:10:03.370 +09:00 [INF] Request finished HTTP/1.1 GET http://localhost:5022/api/products - 200 null application/json; charset=utf-8 674.0658ms
2026-04-05 17:10:03.370 +09:00 [INF] Request finished HTTP/1.1 GET http://localhost:5022/api/suppliers - 200 null application/json; charset=utf-8 674.1249ms
2026-04-05 17:10:07.259 +09:00 [INF] Request starting HTTP/1.1 GET http://localhost:5022/api/categories - null null
2026-04-05 17:10:07.259 +09:00 [INF] Request starting HTTP/1.1 GET http://localhost:5022/api/suppliers - null null
2026-04-05 17:10:07.259 +09:00 [INF] Request starting HTTP/1.1 GET http://localhost:5022/api/products - null null
2026-04-05 17:10:07.260 +09:00 [INF] CORS policy execution successful.
2026-04-05 17:10:07.260 +09:00 [INF] CORS policy execution successful.
2026-04-05 17:10:07.260 +09:00 [INF] CORS policy execution successful.
2026-04-05 17:10:07.260 +09:00 [INF] Executing endpoint 'InventoryHub.API.Controllers.SuppliersController.GetAll (InventoryHub.API)'
2026-04-05 17:10:07.260 +09:00 [INF] Executing endpoint 'InventoryHub.API.Controllers.CategoriesController.GetCategories (InventoryHub.API)'
2026-04-05 17:10:07.260 +09:00 [INF] Executing endpoint 'InventoryHub.API.Controllers.ProductsController.GetAll (InventoryHub.API)'
2026-04-05 17:10:07.261 +09:00 [INF] Route matched with {action = "GetCategories", controller = "Categories"}. Executing controller action with signature System.Threading.Tasks.Task`1[Microsoft.AspNetCore.Mvc.ActionResult`1[System.Collections.Generic.IEnumerable`1[InventoryHub.API.DTOs.CategoryDto]]] GetCategories() on controller InventoryHub.API.Controllers.CategoriesController (InventoryHub.API).
2026-04-05 17:10:07.261 +09:00 [INF] Route matched with {action = "GetAll", controller = "Products"}. Executing controller action with signature System.Threading.Tasks.Task`1[Microsoft.AspNetCore.Mvc.ActionResult`1[System.Collections.Generic.IEnumerable`1[InventoryHub.API.DTOs.ProductDto]]] GetAll() on controller InventoryHub.API.Controllers.ProductsController (InventoryHub.API).
2026-04-05 17:10:07.261 +09:00 [INF] Route matched with {action = "GetAll", controller = "Suppliers"}. Executing controller action with signature System.Threading.Tasks.Task`1[Microsoft.AspNetCore.Mvc.ActionResult`1[System.Collections.Generic.IEnumerable`1[InventoryHub.API.DTOs.SupplierDto]]] GetAll() on controller InventoryHub.API.Controllers.SuppliersController (InventoryHub.API).
2026-04-05 17:10:07.286 +09:00 [INF] Executed DbCommand (1ms) [Parameters=[], CommandType='"Text"', CommandTimeout='30']
SELECT `c`.`id`, `c`.`created_at`, `c`.`is_deleted`, `c`.`name`, `c`.`updated_at`
FROM `categories` AS `c`
WHERE NOT (`c`.`is_deleted`)
ORDER BY `c`.`name`
2026-04-05 17:10:07.286 +09:00 [INF] Executed DbCommand (1ms) [Parameters=[], CommandType='"Text"', CommandTimeout='30']
SELECT `s`.`id`, `s`.`created_at`, `s`.`is_deleted`, `s`.`name`, `s`.`updated_at`
FROM `suppliers` AS `s`
WHERE NOT (`s`.`is_deleted`)
ORDER BY `s`.`name`
2026-04-05 17:10:07.287 +09:00 [INF] Executing OkObjectResult, writing value of type 'System.Collections.Generic.List`1[[InventoryHub.API.DTOs.SupplierDto, InventoryHub.API, Version=1.0.0.0, Culture=neutral, PublicKeyToken=null]]'.
2026-04-05 17:10:07.287 +09:00 [INF] Executing OkObjectResult, writing value of type 'System.Collections.Generic.List`1[[InventoryHub.API.DTOs.CategoryDto, InventoryHub.API, Version=1.0.0.0, Culture=neutral, PublicKeyToken=null]]'.
2026-04-05 17:10:07.288 +09:00 [INF] Executed action InventoryHub.API.Controllers.CategoriesController.GetCategories (InventoryHub.API) in 26.6425ms
2026-04-05 17:10:07.288 +09:00 [INF] Executed endpoint 'InventoryHub.API.Controllers.CategoriesController.GetCategories (InventoryHub.API)'
2026-04-05 17:10:07.288 +09:00 [INF] Executed action InventoryHub.API.Controllers.SuppliersController.GetAll (InventoryHub.API) in 26.4569ms
2026-04-05 17:10:07.288 +09:00 [INF] Executed endpoint 'InventoryHub.API.Controllers.SuppliersController.GetAll (InventoryHub.API)'
2026-04-05 17:10:07.288 +09:00 [INF] Request finished HTTP/1.1 GET http://localhost:5022/api/categories - 200 null application/json; charset=utf-8 29.6775ms
2026-04-05 17:10:07.288 +09:00 [INF] Request finished HTTP/1.1 GET http://localhost:5022/api/suppliers - 200 null application/json; charset=utf-8 29.7492ms
2026-04-05 17:10:07.289 +09:00 [INF] Executed DbCommand (4ms) [Parameters=[], CommandType='"Text"', CommandTimeout='30']
SELECT `p`.`id`, `p`.`category_id`, `p`.`created_at`, `p`.`is_deleted`, `p`.`name`, `p`.`updated_at`, `c`.`id`, `c`.`created_at`, `c`.`is_deleted`, `c`.`name`, `c`.`updated_at`
FROM `products` AS `p`
INNER JOIN `categories` AS `c` ON `p`.`category_id` = `c`.`id`
WHERE NOT (`p`.`is_deleted`)
ORDER BY `p`.`name`
2026-04-05 17:10:07.291 +09:00 [INF] Executing OkObjectResult, writing value of type 'System.Linq.Enumerable+ListSelectIterator`2[[InventoryHub.API.Models.Product, InventoryHub.API, Version=1.0.0.0, Culture=neutral, PublicKeyToken=null],[InventoryHub.API.DTOs.ProductDto, InventoryHub.API, Version=1.0.0.0, Culture=neutral, PublicKeyToken=null]]'.
2026-04-05 17:10:07.291 +09:00 [INF] Executed action InventoryHub.API.Controllers.ProductsController.GetAll (InventoryHub.API) in 30.5322ms
2026-04-05 17:10:07.292 +09:00 [INF] Executed endpoint 'InventoryHub.API.Controllers.ProductsController.GetAll (InventoryHub.API)'
2026-04-05 17:10:07.292 +09:00 [INF] Request finished HTTP/1.1 GET http://localhost:5022/api/products - 200 null application/json; charset=utf-8 33.2713ms
2026-04-05 17:10:13.067 +09:00 [INF] Request starting HTTP/1.1 GET http://localhost:5022/api/categories - null null
2026-04-05 17:10:13.067 +09:00 [INF] Request starting HTTP/1.1 GET http://localhost:5022/api/products - null null
2026-04-05 17:10:13.067 +09:00 [INF] Request starting HTTP/1.1 GET http://localhost:5022/api/suppliers - null null
2026-04-05 17:10:13.068 +09:00 [INF] CORS policy execution successful.
2026-04-05 17:10:13.068 +09:00 [INF] CORS policy execution successful.
2026-04-05 17:10:13.068 +09:00 [INF] Executing endpoint 'InventoryHub.API.Controllers.ProductsController.GetAll (InventoryHub.API)'
2026-04-05 17:10:13.068 +09:00 [INF] CORS policy execution successful.
2026-04-05 17:10:13.068 +09:00 [INF] Executing endpoint 'InventoryHub.API.Controllers.SuppliersController.GetAll (InventoryHub.API)'
2026-04-05 17:10:13.068 +09:00 [INF] Route matched with {action = "GetAll", controller = "Suppliers"}. Executing controller action with signature System.Threading.Tasks.Task`1[Microsoft.AspNetCore.Mvc.ActionResult`1[System.Collections.Generic.IEnumerable`1[InventoryHub.API.DTOs.SupplierDto]]] GetAll() on controller InventoryHub.API.Controllers.SuppliersController (InventoryHub.API).
2026-04-05 17:10:13.068 +09:00 [INF] Route matched with {action = "GetAll", controller = "Products"}. Executing controller action with signature System.Threading.Tasks.Task`1[Microsoft.AspNetCore.Mvc.ActionResult`1[System.Collections.Generic.IEnumerable`1[InventoryHub.API.DTOs.ProductDto]]] GetAll() on controller InventoryHub.API.Controllers.ProductsController (InventoryHub.API).
2026-04-05 17:10:13.068 +09:00 [INF] Executing endpoint 'InventoryHub.API.Controllers.CategoriesController.GetCategories (InventoryHub.API)'
2026-04-05 17:10:13.069 +09:00 [INF] Route matched with {action = "GetCategories", controller = "Categories"}. Executing controller action with signature System.Threading.Tasks.Task`1[Microsoft.AspNetCore.Mvc.ActionResult`1[System.Collections.Generic.IEnumerable`1[InventoryHub.API.DTOs.CategoryDto]]] GetCategories() on controller InventoryHub.API.Controllers.CategoriesController (InventoryHub.API).
2026-04-05 17:10:13.138 +09:00 [INF] Executed DbCommand (6ms) [Parameters=[], CommandType='"Text"', CommandTimeout='30']
SELECT `c`.`id`, `c`.`created_at`, `c`.`is_deleted`, `c`.`name`, `c`.`updated_at`
FROM `categories` AS `c`
WHERE NOT (`c`.`is_deleted`)
ORDER BY `c`.`name`
2026-04-05 17:10:13.140 +09:00 [INF] Executing OkObjectResult, writing value of type 'System.Collections.Generic.List`1[[InventoryHub.API.DTOs.CategoryDto, InventoryHub.API, Version=1.0.0.0, Culture=neutral, PublicKeyToken=null]]'.
2026-04-05 17:10:13.140 +09:00 [INF] Executed action InventoryHub.API.Controllers.CategoriesController.GetCategories (InventoryHub.API) in 70.8955ms
2026-04-05 17:10:13.140 +09:00 [INF] Executed endpoint 'InventoryHub.API.Controllers.CategoriesController.GetCategories (InventoryHub.API)'
2026-04-05 17:10:13.140 +09:00 [INF] Request finished HTTP/1.1 GET http://localhost:5022/api/categories - 200 null application/json; charset=utf-8 73.682ms
2026-04-05 17:10:13.143 +09:00 [INF] Executed DbCommand (11ms) [Parameters=[], CommandType='"Text"', CommandTimeout='30']
SELECT `s`.`id`, `s`.`created_at`, `s`.`is_deleted`, `s`.`name`, `s`.`updated_at`
FROM `suppliers` AS `s`
WHERE NOT (`s`.`is_deleted`)
ORDER BY `s`.`name`
2026-04-05 17:10:13.144 +09:00 [INF] Executing OkObjectResult, writing value of type 'System.Collections.Generic.List`1[[InventoryHub.API.DTOs.SupplierDto, InventoryHub.API, Version=1.0.0.0, Culture=neutral, PublicKeyToken=null]]'.
2026-04-05 17:10:13.144 +09:00 [INF] Executed action InventoryHub.API.Controllers.SuppliersController.GetAll (InventoryHub.API) in 75.4305ms
2026-04-05 17:10:13.144 +09:00 [INF] Executed endpoint 'InventoryHub.API.Controllers.SuppliersController.GetAll (InventoryHub.API)'
2026-04-05 17:10:13.145 +09:00 [INF] Request finished HTTP/1.1 GET http://localhost:5022/api/suppliers - 200 null application/json; charset=utf-8 78.9525ms
2026-04-05 17:10:13.146 +09:00 [INF] Executed DbCommand (14ms) [Parameters=[], CommandType='"Text"', CommandTimeout='30']
SELECT `p`.`id`, `p`.`category_id`, `p`.`created_at`, `p`.`is_deleted`, `p`.`name`, `p`.`updated_at`, `c`.`id`, `c`.`created_at`, `c`.`is_deleted`, `c`.`name`, `c`.`updated_at`
FROM `products` AS `p`
INNER JOIN `categories` AS `c` ON `p`.`category_id` = `c`.`id`
WHERE NOT (`p`.`is_deleted`)
ORDER BY `p`.`name`
2026-04-05 17:10:13.152 +09:00 [INF] Executing OkObjectResult, writing value of type 'System.Linq.Enumerable+ListSelectIterator`2[[InventoryHub.API.Models.Product, InventoryHub.API, Version=1.0.0.0, Culture=neutral, PublicKeyToken=null],[InventoryHub.API.DTOs.ProductDto, InventoryHub.API, Version=1.0.0.0, Culture=neutral, PublicKeyToken=null]]'.
2026-04-05 17:10:13.152 +09:00 [INF] Executed action InventoryHub.API.Controllers.ProductsController.GetAll (InventoryHub.API) in 83.4877ms
2026-04-05 17:10:13.152 +09:00 [INF] Executed endpoint 'InventoryHub.API.Controllers.ProductsController.GetAll (InventoryHub.API)'
2026-04-05 17:10:13.153 +09:00 [INF] Request finished HTTP/1.1 GET http://localhost:5022/api/products - 200 null application/json; charset=utf-8 85.8024ms
2026-04-05 17:10:19.040 +09:00 [INF] Request starting HTTP/1.1 GET http://localhost:5022/api/suppliers - null null
2026-04-05 17:10:19.041 +09:00 [INF] CORS policy execution successful.
2026-04-05 17:10:19.040 +09:00 [INF] Request starting HTTP/1.1 GET http://localhost:5022/api/categories - null null
2026-04-05 17:10:19.042 +09:00 [INF] CORS policy execution successful.
2026-04-05 17:10:19.042 +09:00 [INF] Executing endpoint 'InventoryHub.API.Controllers.CategoriesController.GetCategories (InventoryHub.API)'
2026-04-05 17:10:19.040 +09:00 [INF] Request starting HTTP/1.1 GET http://localhost:5022/api/products - null null
2026-04-05 17:10:19.042 +09:00 [INF] Executing endpoint 'InventoryHub.API.Controllers.SuppliersController.GetAll (InventoryHub.API)'
2026-04-05 17:10:19.042 +09:00 [INF] CORS policy execution successful.
2026-04-05 17:10:19.042 +09:00 [INF] Executing endpoint 'InventoryHub.API.Controllers.ProductsController.GetAll (InventoryHub.API)'
2026-04-05 17:10:19.042 +09:00 [INF] Route matched with {action = "GetAll", controller = "Suppliers"}. Executing controller action with signature System.Threading.Tasks.Task`1[Microsoft.AspNetCore.Mvc.ActionResult`1[System.Collections.Generic.IEnumerable`1[InventoryHub.API.DTOs.SupplierDto]]] GetAll() on controller InventoryHub.API.Controllers.SuppliersController (InventoryHub.API).
2026-04-05 17:10:19.042 +09:00 [INF] Route matched with {action = "GetAll", controller = "Products"}. Executing controller action with signature System.Threading.Tasks.Task`1[Microsoft.AspNetCore.Mvc.ActionResult`1[System.Collections.Generic.IEnumerable`1[InventoryHub.API.DTOs.ProductDto]]] GetAll() on controller InventoryHub.API.Controllers.ProductsController (InventoryHub.API).
2026-04-05 17:10:19.042 +09:00 [INF] Route matched with {action = "GetCategories", controller = "Categories"}. Executing controller action with signature System.Threading.Tasks.Task`1[Microsoft.AspNetCore.Mvc.ActionResult`1[System.Collections.Generic.IEnumerable`1[InventoryHub.API.DTOs.CategoryDto]]] GetCategories() on controller InventoryHub.API.Controllers.CategoriesController (InventoryHub.API).
2026-04-05 17:10:19.090 +09:00 [INF] Executed DbCommand (1ms) [Parameters=[], CommandType='"Text"', CommandTimeout='30']
SELECT `c`.`id`, `c`.`created_at`, `c`.`is_deleted`, `c`.`name`, `c`.`updated_at`
FROM `categories` AS `c`
WHERE NOT (`c`.`is_deleted`)
ORDER BY `c`.`name`
2026-04-05 17:10:19.090 +09:00 [INF] Executing OkObjectResult, writing value of type 'System.Collections.Generic.List`1[[InventoryHub.API.DTOs.CategoryDto, InventoryHub.API, Version=1.0.0.0, Culture=neutral, PublicKeyToken=null]]'.
2026-04-05 17:10:19.091 +09:00 [INF] Executed action InventoryHub.API.Controllers.CategoriesController.GetCategories (InventoryHub.API) in 48.142ms
2026-04-05 17:10:19.091 +09:00 [INF] Executed endpoint 'InventoryHub.API.Controllers.CategoriesController.GetCategories (InventoryHub.API)'
2026-04-05 17:10:19.091 +09:00 [INF] Request finished HTTP/1.1 GET http://localhost:5022/api/categories - 200 null application/json; charset=utf-8 51.4473ms
2026-04-05 17:10:19.095 +09:00 [INF] Executed DbCommand (7ms) [Parameters=[], CommandType='"Text"', CommandTimeout='30']
SELECT `s`.`id`, `s`.`created_at`, `s`.`is_deleted`, `s`.`name`, `s`.`updated_at`
FROM `suppliers` AS `s`
WHERE NOT (`s`.`is_deleted`)
ORDER BY `s`.`name`
2026-04-05 17:10:19.096 +09:00 [INF] Executing OkObjectResult, writing value of type 'System.Collections.Generic.List`1[[InventoryHub.API.DTOs.SupplierDto, InventoryHub.API, Version=1.0.0.0, Culture=neutral, PublicKeyToken=null]]'.
2026-04-05 17:10:19.097 +09:00 [INF] Executed action InventoryHub.API.Controllers.SuppliersController.GetAll (InventoryHub.API) in 54.3557ms
2026-04-05 17:10:19.097 +09:00 [INF] Executed endpoint 'InventoryHub.API.Controllers.SuppliersController.GetAll (InventoryHub.API)'
2026-04-05 17:10:19.097 +09:00 [INF] Request finished HTTP/1.1 GET http://localhost:5022/api/suppliers - 200 null application/json; charset=utf-8 58.1255ms
2026-04-05 17:10:19.099 +09:00 [INF] Executed DbCommand (10ms) [Parameters=[], CommandType='"Text"', CommandTimeout='30']
SELECT `p`.`id`, `p`.`category_id`, `p`.`created_at`, `p`.`is_deleted`, `p`.`name`, `p`.`updated_at`, `c`.`id`, `c`.`created_at`, `c`.`is_deleted`, `c`.`name`, `c`.`updated_at`
FROM `products` AS `p`
INNER JOIN `categories` AS `c` ON `p`.`category_id` = `c`.`id`
WHERE NOT (`p`.`is_deleted`)
ORDER BY `p`.`name`
2026-04-05 17:10:19.107 +09:00 [INF] Executing OkObjectResult, writing value of type 'System.Linq.Enumerable+ListSelectIterator`2[[InventoryHub.API.Models.Product, InventoryHub.API, Version=1.0.0.0, Culture=neutral, PublicKeyToken=null],[InventoryHub.API.DTOs.ProductDto, InventoryHub.API, Version=1.0.0.0, Culture=neutral, PublicKeyToken=null]]'.
2026-04-05 17:10:19.108 +09:00 [INF] Executed action InventoryHub.API.Controllers.ProductsController.GetAll (InventoryHub.API) in 65.1498ms
2026-04-05 17:10:19.108 +09:00 [INF] Executed endpoint 'InventoryHub.API.Controllers.ProductsController.GetAll (InventoryHub.API)'
2026-04-05 17:10:19.108 +09:00 [INF] Request finished HTTP/1.1 GET http://localhost:5022/api/products - 200 null application/json; charset=utf-8 68.6199ms
2026-04-05 17:10:24.313 +09:00 [INF] Request starting HTTP/1.1 GET http://localhost:5022/api/categories - null null
2026-04-05 17:10:24.313 +09:00 [INF] Request starting HTTP/1.1 GET http://localhost:5022/api/suppliers - null null
2026-04-05 17:10:24.313 +09:00 [INF] Request starting HTTP/1.1 GET http://localhost:5022/api/products - null null
2026-04-05 17:10:24.316 +09:00 [INF] CORS policy execution successful.
2026-04-05 17:10:24.316 +09:00 [INF] CORS policy execution successful.
2026-04-05 17:10:24.316 +09:00 [INF] CORS policy execution successful.
2026-04-05 17:10:24.316 +09:00 [INF] Executing endpoint 'InventoryHub.API.Controllers.SuppliersController.GetAll (InventoryHub.API)'
2026-04-05 17:10:24.316 +09:00 [INF] Executing endpoint 'InventoryHub.API.Controllers.ProductsController.GetAll (InventoryHub.API)'
2026-04-05 17:10:24.316 +09:00 [INF] Executing endpoint 'InventoryHub.API.Controllers.CategoriesController.GetCategories (InventoryHub.API)'
2026-04-05 17:10:24.319 +09:00 [INF] Route matched with {action = "GetCategories", controller = "Categories"}. Executing controller action with signature System.Threading.Tasks.Task`1[Microsoft.AspNetCore.Mvc.ActionResult`1[System.Collections.Generic.IEnumerable`1[InventoryHub.API.DTOs.CategoryDto]]] GetCategories() on controller InventoryHub.API.Controllers.CategoriesController (InventoryHub.API).
2026-04-05 17:10:24.320 +09:00 [INF] Route matched with {action = "GetAll", controller = "Products"}. Executing controller action with signature System.Threading.Tasks.Task`1[Microsoft.AspNetCore.Mvc.ActionResult`1[System.Collections.Generic.IEnumerable`1[InventoryHub.API.DTOs.ProductDto]]] GetAll() on controller InventoryHub.API.Controllers.ProductsController (InventoryHub.API).
2026-04-05 17:10:24.319 +09:00 [INF] Route matched with {action = "GetAll", controller = "Suppliers"}. Executing controller action with signature System.Threading.Tasks.Task`1[Microsoft.AspNetCore.Mvc.ActionResult`1[System.Collections.Generic.IEnumerable`1[InventoryHub.API.DTOs.SupplierDto]]] GetAll() on controller InventoryHub.API.Controllers.SuppliersController (InventoryHub.API).
2026-04-05 17:10:24.394 +09:00 [INF] Executed DbCommand (3ms) [Parameters=[], CommandType='"Text"', CommandTimeout='30']
SELECT `s`.`id`, `s`.`created_at`, `s`.`is_deleted`, `s`.`name`, `s`.`updated_at`
FROM `suppliers` AS `s`
WHERE NOT (`s`.`is_deleted`)
ORDER BY `s`.`name`
2026-04-05 17:10:24.394 +09:00 [INF] Executed DbCommand (2ms) [Parameters=[], CommandType='"Text"', CommandTimeout='30']
SELECT `c`.`id`, `c`.`created_at`, `c`.`is_deleted`, `c`.`name`, `c`.`updated_at`
FROM `categories` AS `c`
WHERE NOT (`c`.`is_deleted`)
ORDER BY `c`.`name`
2026-04-05 17:10:24.395 +09:00 [INF] Executing OkObjectResult, writing value of type 'System.Collections.Generic.List`1[[InventoryHub.API.DTOs.SupplierDto, InventoryHub.API, Version=1.0.0.0, Culture=neutral, PublicKeyToken=null]]'.
2026-04-05 17:10:24.395 +09:00 [INF] Executing OkObjectResult, writing value of type 'System.Collections.Generic.List`1[[InventoryHub.API.DTOs.CategoryDto, InventoryHub.API, Version=1.0.0.0, Culture=neutral, PublicKeyToken=null]]'.
2026-04-05 17:10:24.395 +09:00 [INF] Executed DbCommand (4ms) [Parameters=[], CommandType='"Text"', CommandTimeout='30']
SELECT `p`.`id`, `p`.`category_id`, `p`.`created_at`, `p`.`is_deleted`, `p`.`name`, `p`.`updated_at`, `c`.`id`, `c`.`created_at`, `c`.`is_deleted`, `c`.`name`, `c`.`updated_at`
FROM `products` AS `p`
INNER JOIN `categories` AS `c` ON `p`.`category_id` = `c`.`id`
WHERE NOT (`p`.`is_deleted`)
ORDER BY `p`.`name`
2026-04-05 17:10:24.395 +09:00 [INF] Executed action InventoryHub.API.Controllers.CategoriesController.GetCategories (InventoryHub.API) in 73.5271ms
2026-04-05 17:10:24.397 +09:00 [INF] Executed endpoint 'InventoryHub.API.Controllers.CategoriesController.GetCategories (InventoryHub.API)'
2026-04-05 17:10:24.395 +09:00 [INF] Executed action InventoryHub.API.Controllers.SuppliersController.GetAll (InventoryHub.API) in 72.3965ms
2026-04-05 17:10:24.397 +09:00 [INF] Request finished HTTP/1.1 GET http://localhost:5022/api/categories - 200 null application/json; charset=utf-8 84.0515ms
2026-04-05 17:10:24.397 +09:00 [INF] Executed endpoint 'InventoryHub.API.Controllers.SuppliersController.GetAll (InventoryHub.API)'
2026-04-05 17:10:24.398 +09:00 [INF] Request finished HTTP/1.1 GET http://localhost:5022/api/suppliers - 200 null application/json; charset=utf-8 85.0695ms
2026-04-05 17:10:24.399 +09:00 [INF] Executing OkObjectResult, writing value of type 'System.Linq.Enumerable+ListSelectIterator`2[[InventoryHub.API.Models.Product, InventoryHub.API, Version=1.0.0.0, Culture=neutral, PublicKeyToken=null],[InventoryHub.API.DTOs.ProductDto, InventoryHub.API, Version=1.0.0.0, Culture=neutral, PublicKeyToken=null]]'.
2026-04-05 17:10:24.399 +09:00 [INF] Executed action InventoryHub.API.Controllers.ProductsController.GetAll (InventoryHub.API) in 76.3655ms
2026-04-05 17:10:24.399 +09:00 [INF] Executed endpoint 'InventoryHub.API.Controllers.ProductsController.GetAll (InventoryHub.API)'
2026-04-05 17:10:24.400 +09:00 [INF] Request finished HTTP/1.1 GET http://localhost:5022/api/products - 200 null application/json; charset=utf-8 86.7205ms
2026-04-05 17:10:28.838 +09:00 [INF] Request starting HTTP/1.1 GET http://localhost:5022/api/categories - null null
2026-04-05 17:10:28.838 +09:00 [INF] Request starting HTTP/1.1 GET http://localhost:5022/api/suppliers - null null
2026-04-05 17:10:28.838 +09:00 [INF] Request starting HTTP/1.1 GET http://localhost:5022/api/products - null null
2026-04-05 17:10:28.840 +09:00 [INF] CORS policy execution successful.
2026-04-05 17:10:28.840 +09:00 [INF] CORS policy execution successful.
2026-04-05 17:10:28.840 +09:00 [INF] CORS policy execution successful.
2026-04-05 17:10:28.840 +09:00 [INF] Executing endpoint 'InventoryHub.API.Controllers.SuppliersController.GetAll (InventoryHub.API)'
2026-04-05 17:10:28.841 +09:00 [INF] Route matched with {action = "GetAll", controller = "Suppliers"}. Executing controller action with signature System.Threading.Tasks.Task`1[Microsoft.AspNetCore.Mvc.ActionResult`1[System.Collections.Generic.IEnumerable`1[InventoryHub.API.DTOs.SupplierDto]]] GetAll() on controller InventoryHub.API.Controllers.SuppliersController (InventoryHub.API).
2026-04-05 17:10:28.841 +09:00 [INF] Executing endpoint 'InventoryHub.API.Controllers.ProductsController.GetAll (InventoryHub.API)'
2026-04-05 17:10:28.841 +09:00 [INF] Executing endpoint 'InventoryHub.API.Controllers.CategoriesController.GetCategories (InventoryHub.API)'
2026-04-05 17:10:28.842 +09:00 [INF] Route matched with {action = "GetAll", controller = "Products"}. Executing controller action with signature System.Threading.Tasks.Task`1[Microsoft.AspNetCore.Mvc.ActionResult`1[System.Collections.Generic.IEnumerable`1[InventoryHub.API.DTOs.ProductDto]]] GetAll() on controller InventoryHub.API.Controllers.ProductsController (InventoryHub.API).
2026-04-05 17:10:28.842 +09:00 [INF] Route matched with {action = "GetCategories", controller = "Categories"}. Executing controller action with signature System.Threading.Tasks.Task`1[Microsoft.AspNetCore.Mvc.ActionResult`1[System.Collections.Generic.IEnumerable`1[InventoryHub.API.DTOs.CategoryDto]]] GetCategories() on controller InventoryHub.API.Controllers.CategoriesController (InventoryHub.API).
2026-04-05 17:10:28.868 +09:00 [INF] Executed DbCommand (1ms) [Parameters=[], CommandType='"Text"', CommandTimeout='30']
SELECT `s`.`id`, `s`.`created_at`, `s`.`is_deleted`, `s`.`name`, `s`.`updated_at`
FROM `suppliers` AS `s`
WHERE NOT (`s`.`is_deleted`)
ORDER BY `s`.`name`
2026-04-05 17:10:28.868 +09:00 [INF] Executed DbCommand (1ms) [Parameters=[], CommandType='"Text"', CommandTimeout='30']
SELECT `c`.`id`, `c`.`created_at`, `c`.`is_deleted`, `c`.`name`, `c`.`updated_at`
FROM `categories` AS `c`
WHERE NOT (`c`.`is_deleted`)
ORDER BY `c`.`name`
2026-04-05 17:10:28.869 +09:00 [INF] Executing OkObjectResult, writing value of type 'System.Collections.Generic.List`1[[InventoryHub.API.DTOs.CategoryDto, InventoryHub.API, Version=1.0.0.0, Culture=neutral, PublicKeyToken=null]]'.
2026-04-05 17:10:28.869 +09:00 [INF] Executing OkObjectResult, writing value of type 'System.Collections.Generic.List`1[[InventoryHub.API.DTOs.SupplierDto, InventoryHub.API, Version=1.0.0.0, Culture=neutral, PublicKeyToken=null]]'.
2026-04-05 17:10:28.869 +09:00 [INF] Executed action InventoryHub.API.Controllers.CategoriesController.GetCategories (InventoryHub.API) in 27.3416ms
2026-04-05 17:10:28.869 +09:00 [INF] Executed action InventoryHub.API.Controllers.SuppliersController.GetAll (InventoryHub.API) in 28.1358ms
2026-04-05 17:10:28.869 +09:00 [INF] Executed endpoint 'InventoryHub.API.Controllers.CategoriesController.GetCategories (InventoryHub.API)'
2026-04-05 17:10:28.869 +09:00 [INF] Executed endpoint 'InventoryHub.API.Controllers.SuppliersController.GetAll (InventoryHub.API)'
2026-04-05 17:10:28.870 +09:00 [INF] Request finished HTTP/1.1 GET http://localhost:5022/api/categories - 200 null application/json; charset=utf-8 31.3552ms
2026-04-05 17:10:28.870 +09:00 [INF] Request finished HTTP/1.1 GET http://localhost:5022/api/suppliers - 200 null application/json; charset=utf-8 31.2551ms
2026-04-05 17:10:28.870 +09:00 [INF] Executed DbCommand (2ms) [Parameters=[], CommandType='"Text"', CommandTimeout='30']
SELECT `p`.`id`, `p`.`category_id`, `p`.`created_at`, `p`.`is_deleted`, `p`.`name`, `p`.`updated_at`, `c`.`id`, `c`.`created_at`, `c`.`is_deleted`, `c`.`name`, `c`.`updated_at`
FROM `products` AS `p`
INNER JOIN `categories` AS `c` ON `p`.`category_id` = `c`.`id`
WHERE NOT (`p`.`is_deleted`)
ORDER BY `p`.`name`
2026-04-05 17:10:28.871 +09:00 [INF] Executing OkObjectResult, writing value of type 'System.Linq.Enumerable+ListSelectIterator`2[[InventoryHub.API.Models.Product, InventoryHub.API, Version=1.0.0.0, Culture=neutral, PublicKeyToken=null],[InventoryHub.API.DTOs.ProductDto, InventoryHub.API, Version=1.0.0.0, Culture=neutral, PublicKeyToken=null]]'.
2026-04-05 17:10:28.871 +09:00 [INF] Executed action InventoryHub.API.Controllers.ProductsController.GetAll (InventoryHub.API) in 29.3784ms
2026-04-05 17:10:28.871 +09:00 [INF] Executed endpoint 'InventoryHub.API.Controllers.ProductsController.GetAll (InventoryHub.API)'
2026-04-05 17:10:28.871 +09:00 [INF] Request finished HTTP/1.1 GET http://localhost:5022/api/products - 200 null application/json; charset=utf-8 32.9451ms
2026-04-05 17:13:08.399 +09:00 [INF] Request starting HTTP/1.1 GET http://localhost:5022/api/suppliers - null null
2026-04-05 17:13:08.399 +09:00 [INF] Request starting HTTP/1.1 GET http://localhost:5022/api/categories - null null
2026-04-05 17:13:08.400 +09:00 [INF] Request starting HTTP/1.1 GET http://localhost:5022/api/products - null null
2026-04-05 17:13:08.401 +09:00 [INF] CORS policy execution successful.
2026-04-05 17:13:08.401 +09:00 [INF] CORS policy execution successful.
2026-04-05 17:13:08.403 +09:00 [INF] CORS policy execution successful.
2026-04-05 17:13:08.405 +09:00 [INF] Executing endpoint 'InventoryHub.API.Controllers.ProductsController.GetAll (InventoryHub.API)'
2026-04-05 17:13:08.405 +09:00 [INF] Executing endpoint 'InventoryHub.API.Controllers.SuppliersController.GetAll (InventoryHub.API)'
2026-04-05 17:13:08.406 +09:00 [INF] Executing endpoint 'InventoryHub.API.Controllers.CategoriesController.GetCategories (InventoryHub.API)'
2026-04-05 17:13:08.408 +09:00 [INF] Route matched with {action = "GetAll", controller = "Suppliers"}. Executing controller action with signature System.Threading.Tasks.Task`1[Microsoft.AspNetCore.Mvc.ActionResult`1[System.Collections.Generic.IEnumerable`1[InventoryHub.API.DTOs.SupplierDto]]] GetAll() on controller InventoryHub.API.Controllers.SuppliersController (InventoryHub.API).
2026-04-05 17:13:08.408 +09:00 [INF] Route matched with {action = "GetCategories", controller = "Categories"}. Executing controller action with signature System.Threading.Tasks.Task`1[Microsoft.AspNetCore.Mvc.ActionResult`1[System.Collections.Generic.IEnumerable`1[InventoryHub.API.DTOs.CategoryDto]]] GetCategories() on controller InventoryHub.API.Controllers.CategoriesController (InventoryHub.API).
2026-04-05 17:13:08.408 +09:00 [INF] Route matched with {action = "GetAll", controller = "Products"}. Executing controller action with signature System.Threading.Tasks.Task`1[Microsoft.AspNetCore.Mvc.ActionResult`1[System.Collections.Generic.IEnumerable`1[InventoryHub.API.DTOs.ProductDto]]] GetAll() on controller InventoryHub.API.Controllers.ProductsController (InventoryHub.API).
2026-04-05 17:13:08.513 +09:00 [INF] Executed DbCommand (4ms) [Parameters=[], CommandType='"Text"', CommandTimeout='30']
SELECT `s`.`id`, `s`.`created_at`, `s`.`is_deleted`, `s`.`name`, `s`.`updated_at`
FROM `suppliers` AS `s`
WHERE NOT (`s`.`is_deleted`)
ORDER BY `s`.`name`
2026-04-05 17:13:08.515 +09:00 [INF] Executing OkObjectResult, writing value of type 'System.Collections.Generic.List`1[[InventoryHub.API.DTOs.SupplierDto, InventoryHub.API, Version=1.0.0.0, Culture=neutral, PublicKeyToken=null]]'.
2026-04-05 17:13:08.515 +09:00 [INF] Executed action InventoryHub.API.Controllers.SuppliersController.GetAll (InventoryHub.API) in 106.4877ms
2026-04-05 17:13:08.516 +09:00 [INF] Executed endpoint 'InventoryHub.API.Controllers.SuppliersController.GetAll (InventoryHub.API)'
2026-04-05 17:13:08.516 +09:00 [INF] Request finished HTTP/1.1 GET http://localhost:5022/api/suppliers - 200 null application/json; charset=utf-8 116.435ms
2026-04-05 17:13:08.517 +09:00 [INF] Executed DbCommand (12ms) [Parameters=[], CommandType='"Text"', CommandTimeout='30']
SELECT `c`.`id`, `c`.`created_at`, `c`.`is_deleted`, `c`.`name`, `c`.`updated_at`
FROM `categories` AS `c`
WHERE NOT (`c`.`is_deleted`)
ORDER BY `c`.`name`
2026-04-05 17:13:08.521 +09:00 [INF] Executing OkObjectResult, writing value of type 'System.Collections.Generic.List`1[[InventoryHub.API.DTOs.CategoryDto, InventoryHub.API, Version=1.0.0.0, Culture=neutral, PublicKeyToken=null]]'.
2026-04-05 17:13:08.521 +09:00 [INF] Executed action InventoryHub.API.Controllers.CategoriesController.GetCategories (InventoryHub.API) in 112.3067ms
2026-04-05 17:13:08.521 +09:00 [INF] Executed endpoint 'InventoryHub.API.Controllers.CategoriesController.GetCategories (InventoryHub.API)'
2026-04-05 17:13:08.523 +09:00 [INF] Request finished HTTP/1.1 GET http://localhost:5022/api/categories - 200 null application/json; charset=utf-8 123.4472ms
2026-04-05 17:13:08.530 +09:00 [INF] Executed DbCommand (14ms) [Parameters=[], CommandType='"Text"', CommandTimeout='30']
SELECT `p`.`id`, `p`.`category_id`, `p`.`created_at`, `p`.`is_deleted`, `p`.`name`, `p`.`updated_at`, `c`.`id`, `c`.`created_at`, `c`.`is_deleted`, `c`.`name`, `c`.`updated_at`
FROM `products` AS `p`
INNER JOIN `categories` AS `c` ON `p`.`category_id` = `c`.`id`
WHERE NOT (`p`.`is_deleted`)
ORDER BY `p`.`name`
2026-04-05 17:13:08.531 +09:00 [INF] Executing OkObjectResult, writing value of type 'System.Linq.Enumerable+ListSelectIterator`2[[InventoryHub.API.Models.Product, InventoryHub.API, Version=1.0.0.0, Culture=neutral, PublicKeyToken=null],[InventoryHub.API.DTOs.ProductDto, InventoryHub.API, Version=1.0.0.0, Culture=neutral, PublicKeyToken=null]]'.
2026-04-05 17:13:08.532 +09:00 [INF] Executed action InventoryHub.API.Controllers.ProductsController.GetAll (InventoryHub.API) in 122.655ms
2026-04-05 17:13:08.532 +09:00 [INF] Executed endpoint 'InventoryHub.API.Controllers.ProductsController.GetAll (InventoryHub.API)'
2026-04-05 17:13:08.532 +09:00 [INF] Request finished HTTP/1.1 GET http://localhost:5022/api/products - 200 null application/json; charset=utf-8 132.1999ms
2026-04-05 17:14:39.598 +09:00 [INF] Request starting HTTP/1.1 GET http://localhost:5022/api/products - null null
2026-04-05 17:14:39.598 +09:00 [INF] Request starting HTTP/1.1 GET http://localhost:5022/api/categories - null null
2026-04-05 17:14:39.598 +09:00 [INF] Request starting HTTP/1.1 GET http://localhost:5022/api/suppliers - null null
2026-04-05 17:14:39.602 +09:00 [INF] CORS policy execution successful.
2026-04-05 17:14:39.602 +09:00 [INF] CORS policy execution successful.
2026-04-05 17:14:39.602 +09:00 [INF] CORS policy execution successful.
2026-04-05 17:14:39.606 +09:00 [INF] Executing endpoint 'InventoryHub.API.Controllers.ProductsController.GetAll (InventoryHub.API)'
2026-04-05 17:14:39.606 +09:00 [INF] Executing endpoint 'InventoryHub.API.Controllers.CategoriesController.GetCategories (InventoryHub.API)'
2026-04-05 17:14:39.606 +09:00 [INF] Executing endpoint 'InventoryHub.API.Controllers.SuppliersController.GetAll (InventoryHub.API)'
2026-04-05 17:14:39.613 +09:00 [INF] Route matched with {action = "GetAll", controller = "Suppliers"}. Executing controller action with signature System.Threading.Tasks.Task`1[Microsoft.AspNetCore.Mvc.ActionResult`1[System.Collections.Generic.IEnumerable`1[InventoryHub.API.DTOs.SupplierDto]]] GetAll() on controller InventoryHub.API.Controllers.SuppliersController (InventoryHub.API).
2026-04-05 17:14:39.613 +09:00 [INF] Route matched with {action = "GetCategories", controller = "Categories"}. Executing controller action with signature System.Threading.Tasks.Task`1[Microsoft.AspNetCore.Mvc.ActionResult`1[System.Collections.Generic.IEnumerable`1[InventoryHub.API.DTOs.CategoryDto]]] GetCategories() on controller InventoryHub.API.Controllers.CategoriesController (InventoryHub.API).
2026-04-05 17:14:39.613 +09:00 [INF] Route matched with {action = "GetAll", controller = "Products"}. Executing controller action with signature System.Threading.Tasks.Task`1[Microsoft.AspNetCore.Mvc.ActionResult`1[System.Collections.Generic.IEnumerable`1[InventoryHub.API.DTOs.ProductDto]]] GetAll() on controller InventoryHub.API.Controllers.ProductsController (InventoryHub.API).
2026-04-05 17:14:42.981 +09:00 [INF] Executed DbCommand (1,796ms) [Parameters=[], CommandType='"Text"', CommandTimeout='30']
SELECT `p`.`id`, `p`.`category_id`, `p`.`created_at`, `p`.`is_deleted`, `p`.`name`, `p`.`updated_at`, `c`.`id`, `c`.`created_at`, `c`.`is_deleted`, `c`.`name`, `c`.`updated_at`
FROM `products` AS `p`
INNER JOIN `categories` AS `c` ON `p`.`category_id` = `c`.`id`
WHERE NOT (`p`.`is_deleted`)
ORDER BY `p`.`name`
2026-04-05 17:14:42.981 +09:00 [INF] Executed DbCommand (1,796ms) [Parameters=[], CommandType='"Text"', CommandTimeout='30']
SELECT `s`.`id`, `s`.`created_at`, `s`.`is_deleted`, `s`.`name`, `s`.`updated_at`
FROM `suppliers` AS `s`
WHERE NOT (`s`.`is_deleted`)
ORDER BY `s`.`name`
2026-04-05 17:14:42.981 +09:00 [INF] Executed DbCommand (1,796ms) [Parameters=[], CommandType='"Text"', CommandTimeout='30']
SELECT `c`.`id`, `c`.`created_at`, `c`.`is_deleted`, `c`.`name`, `c`.`updated_at`
FROM `categories` AS `c`
WHERE NOT (`c`.`is_deleted`)
ORDER BY `c`.`name`
2026-04-05 17:14:43.022 +09:00 [INF] Executing OkObjectResult, writing value of type 'System.Collections.Generic.List`1[[InventoryHub.API.DTOs.CategoryDto, InventoryHub.API, Version=1.0.0.0, Culture=neutral, PublicKeyToken=null]]'.
2026-04-05 17:14:43.022 +09:00 [INF] Executing OkObjectResult, writing value of type 'System.Collections.Generic.List`1[[InventoryHub.API.DTOs.SupplierDto, InventoryHub.API, Version=1.0.0.0, Culture=neutral, PublicKeyToken=null]]'.
2026-04-05 17:14:43.023 +09:00 [INF] Executing OkObjectResult, writing value of type 'System.Linq.Enumerable+ListSelectIterator`2[[InventoryHub.API.Models.Product, InventoryHub.API, Version=1.0.0.0, Culture=neutral, PublicKeyToken=null],[InventoryHub.API.DTOs.ProductDto, InventoryHub.API, Version=1.0.0.0, Culture=neutral, PublicKeyToken=null]]'.
2026-04-05 17:14:43.026 +09:00 [INF] Executed action InventoryHub.API.Controllers.SuppliersController.GetAll (InventoryHub.API) in 3409.7735ms
2026-04-05 17:14:43.026 +09:00 [INF] Executed action InventoryHub.API.Controllers.CategoriesController.GetCategories (InventoryHub.API) in 3408.9249ms
2026-04-05 17:14:43.026 +09:00 [INF] Executed action InventoryHub.API.Controllers.ProductsController.GetAll (InventoryHub.API) in 3410.2376ms
2026-04-05 17:14:43.026 +09:00 [INF] Executed endpoint 'InventoryHub.API.Controllers.SuppliersController.GetAll (InventoryHub.API)'
2026-04-05 17:14:43.026 +09:00 [INF] Executed endpoint 'InventoryHub.API.Controllers.ProductsController.GetAll (InventoryHub.API)'
2026-04-05 17:14:43.026 +09:00 [INF] Executed endpoint 'InventoryHub.API.Controllers.CategoriesController.GetCategories (InventoryHub.API)'
2026-04-05 17:14:43.031 +09:00 [INF] Request finished HTTP/1.1 GET http://localhost:5022/api/products - 200 null application/json; charset=utf-8 3432.9866ms
2026-04-05 17:14:43.032 +09:00 [INF] Request finished HTTP/1.1 GET http://localhost:5022/api/suppliers - 200 null application/json; charset=utf-8 3433.3536ms
2026-04-05 17:14:43.033 +09:00 [INF] Request finished HTTP/1.1 GET http://localhost:5022/api/categories - 200 null application/json; charset=utf-8 3434.3755ms
2026-04-05 17:14:43.037 +09:00 [INF] Request starting HTTP/1.1 GET http://localhost:5022/api/products - null null
2026-04-05 17:14:43.037 +09:00 [INF] Request starting HTTP/1.1 GET http://localhost:5022/api/categories - null null
2026-04-05 17:14:43.038 +09:00 [INF] Request starting HTTP/1.1 GET http://localhost:5022/api/suppliers - null null
2026-04-05 17:14:43.043 +09:00 [INF] CORS policy execution successful.
2026-04-05 17:14:43.042 +09:00 [INF] CORS policy execution successful.
2026-04-05 17:14:43.043 +09:00 [INF] CORS policy execution successful.
2026-04-05 17:14:43.044 +09:00 [INF] Executing endpoint 'InventoryHub.API.Controllers.CategoriesController.GetCategories (InventoryHub.API)'
2026-04-05 17:14:43.044 +09:00 [INF] Executing endpoint 'InventoryHub.API.Controllers.ProductsController.GetAll (InventoryHub.API)'
2026-04-05 17:14:43.044 +09:00 [INF] Executing endpoint 'InventoryHub.API.Controllers.SuppliersController.GetAll (InventoryHub.API)'
2026-04-05 17:14:43.045 +09:00 [INF] Route matched with {action = "GetCategories", controller = "Categories"}. Executing controller action with signature System.Threading.Tasks.Task`1[Microsoft.AspNetCore.Mvc.ActionResult`1[System.Collections.Generic.IEnumerable`1[InventoryHub.API.DTOs.CategoryDto]]] GetCategories() on controller InventoryHub.API.Controllers.CategoriesController (InventoryHub.API).
2026-04-05 17:14:43.046 +09:00 [INF] Route matched with {action = "GetAll", controller = "Suppliers"}. Executing controller action with signature System.Threading.Tasks.Task`1[Microsoft.AspNetCore.Mvc.ActionResult`1[System.Collections.Generic.IEnumerable`1[InventoryHub.API.DTOs.SupplierDto]]] GetAll() on controller InventoryHub.API.Controllers.SuppliersController (InventoryHub.API).
2026-04-05 17:14:43.046 +09:00 [INF] Route matched with {action = "GetAll", controller = "Products"}. Executing controller action with signature System.Threading.Tasks.Task`1[Microsoft.AspNetCore.Mvc.ActionResult`1[System.Collections.Generic.IEnumerable`1[InventoryHub.API.DTOs.ProductDto]]] GetAll() on controller InventoryHub.API.Controllers.ProductsController (InventoryHub.API).
2026-04-05 17:14:43.409 +09:00 [INF] Executed DbCommand (1ms) [Parameters=[], CommandType='"Text"', CommandTimeout='30']
SELECT `c`.`id`, `c`.`created_at`, `c`.`is_deleted`, `c`.`name`, `c`.`updated_at`
FROM `categories` AS `c`
WHERE NOT (`c`.`is_deleted`)
ORDER BY `c`.`name`
2026-04-05 17:14:43.409 +09:00 [INF] Executed DbCommand (1ms) [Parameters=[], CommandType='"Text"', CommandTimeout='30']
SELECT `p`.`id`, `p`.`category_id`, `p`.`created_at`, `p`.`is_deleted`, `p`.`name`, `p`.`updated_at`, `c`.`id`, `c`.`created_at`, `c`.`is_deleted`, `c`.`name`, `c`.`updated_at`
FROM `products` AS `p`
INNER JOIN `categories` AS `c` ON `p`.`category_id` = `c`.`id`
WHERE NOT (`p`.`is_deleted`)
ORDER BY `p`.`name`
2026-04-05 17:14:43.409 +09:00 [INF] Executing OkObjectResult, writing value of type 'System.Collections.Generic.List`1[[InventoryHub.API.DTOs.CategoryDto, InventoryHub.API, Version=1.0.0.0, Culture=neutral, PublicKeyToken=null]]'.
2026-04-05 17:14:43.409 +09:00 [INF] Executed action InventoryHub.API.Controllers.CategoriesController.GetCategories (InventoryHub.API) in 363.2492ms
2026-04-05 17:14:43.409 +09:00 [INF] Executed endpoint 'InventoryHub.API.Controllers.CategoriesController.GetCategories (InventoryHub.API)'
2026-04-05 17:14:43.409 +09:00 [INF] Request finished HTTP/1.1 GET http://localhost:5022/api/categories - 200 null application/json; charset=utf-8 372.4333ms
2026-04-05 17:14:43.410 +09:00 [INF] Executed DbCommand (1ms) [Parameters=[], CommandType='"Text"', CommandTimeout='30']
SELECT `s`.`id`, `s`.`created_at`, `s`.`is_deleted`, `s`.`name`, `s`.`updated_at`
FROM `suppliers` AS `s`
WHERE NOT (`s`.`is_deleted`)
ORDER BY `s`.`name`
2026-04-05 17:14:43.410 +09:00 [INF] Executing OkObjectResult, writing value of type 'System.Collections.Generic.List`1[[InventoryHub.API.DTOs.SupplierDto, InventoryHub.API, Version=1.0.0.0, Culture=neutral, PublicKeyToken=null]]'.
2026-04-05 17:14:43.410 +09:00 [INF] Executed action InventoryHub.API.Controllers.SuppliersController.GetAll (InventoryHub.API) in 363.9012ms
2026-04-05 17:14:43.410 +09:00 [INF] Executed endpoint 'InventoryHub.API.Controllers.SuppliersController.GetAll (InventoryHub.API)'
2026-04-05 17:14:43.410 +09:00 [INF] Request finished HTTP/1.1 GET http://localhost:5022/api/suppliers - 200 null application/json; charset=utf-8 372.719ms
2026-04-05 17:14:43.412 +09:00 [INF] Executing OkObjectResult, writing value of type 'System.Linq.Enumerable+ListSelectIterator`2[[InventoryHub.API.Models.Product, InventoryHub.API, Version=1.0.0.0, Culture=neutral, PublicKeyToken=null],[InventoryHub.API.DTOs.ProductDto, InventoryHub.API, Version=1.0.0.0, Culture=neutral, PublicKeyToken=null]]'.
2026-04-05 17:14:43.412 +09:00 [INF] Executed action InventoryHub.API.Controllers.ProductsController.GetAll (InventoryHub.API) in 364.2552ms
2026-04-05 17:14:43.412 +09:00 [INF] Executed endpoint 'InventoryHub.API.Controllers.ProductsController.GetAll (InventoryHub.API)'
2026-04-05 17:14:43.412 +09:00 [INF] Request finished HTTP/1.1 GET http://localhost:5022/api/products - 200 null application/json; charset=utf-8 375.0172ms
2026-04-05 17:19:16.973 +09:00 [INF] Request starting HTTP/1.1 GET http://localhost:5022/api/categories - null null
2026-04-05 17:19:16.973 +09:00 [INF] Request starting HTTP/1.1 GET http://localhost:5022/api/products - null null
2026-04-05 17:19:16.973 +09:00 [INF] Request starting HTTP/1.1 GET http://localhost:5022/api/suppliers - null null
2026-04-05 17:19:16.985 +09:00 [INF] CORS policy execution successful.
2026-04-05 17:19:16.985 +09:00 [INF] CORS policy execution successful.
2026-04-05 17:19:16.985 +09:00 [INF] CORS policy execution successful.
2026-04-05 17:19:16.988 +09:00 [INF] Executing endpoint 'InventoryHub.API.Controllers.ProductsController.GetAll (InventoryHub.API)'
2026-04-05 17:19:16.988 +09:00 [INF] Executing endpoint 'InventoryHub.API.Controllers.CategoriesController.GetCategories (InventoryHub.API)'
2026-04-05 17:19:16.988 +09:00 [INF] Executing endpoint 'InventoryHub.API.Controllers.SuppliersController.GetAll (InventoryHub.API)'
2026-04-05 17:19:16.995 +09:00 [INF] Route matched with {action = "GetAll", controller = "Products"}. Executing controller action with signature System.Threading.Tasks.Task`1[Microsoft.AspNetCore.Mvc.ActionResult`1[System.Collections.Generic.IEnumerable`1[InventoryHub.API.DTOs.ProductDto]]] GetAll() on controller InventoryHub.API.Controllers.ProductsController (InventoryHub.API).
2026-04-05 17:19:16.995 +09:00 [INF] Route matched with {action = "GetAll", controller = "Suppliers"}. Executing controller action with signature System.Threading.Tasks.Task`1[Microsoft.AspNetCore.Mvc.ActionResult`1[System.Collections.Generic.IEnumerable`1[InventoryHub.API.DTOs.SupplierDto]]] GetAll() on controller InventoryHub.API.Controllers.SuppliersController (InventoryHub.API).
2026-04-05 17:19:16.995 +09:00 [INF] Route matched with {action = "GetCategories", controller = "Categories"}. Executing controller action with signature System.Threading.Tasks.Task`1[Microsoft.AspNetCore.Mvc.ActionResult`1[System.Collections.Generic.IEnumerable`1[InventoryHub.API.DTOs.CategoryDto]]] GetCategories() on controller InventoryHub.API.Controllers.CategoriesController (InventoryHub.API).
2026-04-05 17:19:17.325 +09:00 [INF] Executed DbCommand (23ms) [Parameters=[], CommandType='"Text"', CommandTimeout='30']
SELECT `p`.`id`, `p`.`category_id`, `p`.`created_at`, `p`.`is_deleted`, `p`.`name`, `p`.`updated_at`, `c`.`id`, `c`.`created_at`, `c`.`is_deleted`, `c`.`name`, `c`.`updated_at`
FROM `products` AS `p`
INNER JOIN `categories` AS `c` ON `p`.`category_id` = `c`.`id`
WHERE NOT (`p`.`is_deleted`)
ORDER BY `p`.`name`
2026-04-05 17:19:17.325 +09:00 [INF] Executed DbCommand (29ms) [Parameters=[], CommandType='"Text"', CommandTimeout='30']
SELECT `s`.`id`, `s`.`created_at`, `s`.`is_deleted`, `s`.`name`, `s`.`updated_at`
FROM `suppliers` AS `s`
WHERE NOT (`s`.`is_deleted`)
ORDER BY `s`.`name`
2026-04-05 17:19:17.325 +09:00 [INF] Executed DbCommand (23ms) [Parameters=[], CommandType='"Text"', CommandTimeout='30']
SELECT `c`.`id`, `c`.`created_at`, `c`.`is_deleted`, `c`.`name`, `c`.`updated_at`
FROM `categories` AS `c`
WHERE NOT (`c`.`is_deleted`)
ORDER BY `c`.`name`
2026-04-05 17:19:17.330 +09:00 [INF] Executing OkObjectResult, writing value of type 'System.Collections.Generic.List`1[[InventoryHub.API.DTOs.SupplierDto, InventoryHub.API, Version=1.0.0.0, Culture=neutral, PublicKeyToken=null]]'.
2026-04-05 17:19:17.330 +09:00 [INF] Executing OkObjectResult, writing value of type 'System.Collections.Generic.List`1[[InventoryHub.API.DTOs.CategoryDto, InventoryHub.API, Version=1.0.0.0, Culture=neutral, PublicKeyToken=null]]'.
2026-04-05 17:19:17.331 +09:00 [INF] Executing OkObjectResult, writing value of type 'System.Linq.Enumerable+ListSelectIterator`2[[InventoryHub.API.Models.Product, InventoryHub.API, Version=1.0.0.0, Culture=neutral, PublicKeyToken=null],[InventoryHub.API.DTOs.ProductDto, InventoryHub.API, Version=1.0.0.0, Culture=neutral, PublicKeyToken=null]]'.
2026-04-05 17:19:17.331 +09:00 [INF] Executed action InventoryHub.API.Controllers.SuppliersController.GetAll (InventoryHub.API) in 335.4051ms
2026-04-05 17:19:17.331 +09:00 [INF] Executed action InventoryHub.API.Controllers.CategoriesController.GetCategories (InventoryHub.API) in 335.3985ms
2026-04-05 17:19:17.332 +09:00 [INF] Executed action InventoryHub.API.Controllers.ProductsController.GetAll (InventoryHub.API) in 335.9302ms
2026-04-05 17:19:17.332 +09:00 [INF] Executed endpoint 'InventoryHub.API.Controllers.ProductsController.GetAll (InventoryHub.API)'
2026-04-05 17:19:17.332 +09:00 [INF] Executed endpoint 'InventoryHub.API.Controllers.CategoriesController.GetCategories (InventoryHub.API)'
2026-04-05 17:19:17.332 +09:00 [INF] Executed endpoint 'InventoryHub.API.Controllers.SuppliersController.GetAll (InventoryHub.API)'
2026-04-05 17:19:17.332 +09:00 [INF] Request finished HTTP/1.1 GET http://localhost:5022/api/categories - 200 null application/json; charset=utf-8 360.9147ms
2026-04-05 17:19:17.332 +09:00 [INF] Request finished HTTP/1.1 GET http://localhost:5022/api/products - 200 null application/json; charset=utf-8 360.8908ms
2026-04-05 17:19:17.332 +09:00 [INF] Request finished HTTP/1.1 GET http://localhost:5022/api/suppliers - 200 null application/json; charset=utf-8 360.9839ms
2026-04-05 17:28:15.163 +09:00 [INF] Request starting HTTP/1.1 GET http://localhost:5022/api/suppliers - null null
2026-04-05 17:28:15.163 +09:00 [INF] Request starting HTTP/1.1 GET http://localhost:5022/api/categories - null null
2026-04-05 17:28:15.163 +09:00 [INF] Request starting HTTP/1.1 GET http://localhost:5022/api/products - null null
2026-04-05 17:28:15.179 +09:00 [INF] CORS policy execution successful.
2026-04-05 17:28:15.179 +09:00 [INF] CORS policy execution successful.
2026-04-05 17:28:15.179 +09:00 [INF] CORS policy execution successful.
2026-04-05 17:28:15.182 +09:00 [INF] Executing endpoint 'InventoryHub.API.Controllers.SuppliersController.GetAll (InventoryHub.API)'
2026-04-05 17:28:15.182 +09:00 [INF] Executing endpoint 'InventoryHub.API.Controllers.CategoriesController.GetCategories (InventoryHub.API)'
2026-04-05 17:28:15.182 +09:00 [INF] Executing endpoint 'InventoryHub.API.Controllers.ProductsController.GetAll (InventoryHub.API)'
2026-04-05 17:28:15.188 +09:00 [INF] Route matched with {action = "GetAll", controller = "Products"}. Executing controller action with signature System.Threading.Tasks.Task`1[Microsoft.AspNetCore.Mvc.ActionResult`1[System.Collections.Generic.IEnumerable`1[InventoryHub.API.DTOs.ProductDto]]] GetAll() on controller InventoryHub.API.Controllers.ProductsController (InventoryHub.API).
2026-04-05 17:28:15.188 +09:00 [INF] Route matched with {action = "GetCategories", controller = "Categories"}. Executing controller action with signature System.Threading.Tasks.Task`1[Microsoft.AspNetCore.Mvc.ActionResult`1[System.Collections.Generic.IEnumerable`1[InventoryHub.API.DTOs.CategoryDto]]] GetCategories() on controller InventoryHub.API.Controllers.CategoriesController (InventoryHub.API).
2026-04-05 17:28:15.188 +09:00 [INF] Route matched with {action = "GetAll", controller = "Suppliers"}. Executing controller action with signature System.Threading.Tasks.Task`1[Microsoft.AspNetCore.Mvc.ActionResult`1[System.Collections.Generic.IEnumerable`1[InventoryHub.API.DTOs.SupplierDto]]] GetAll() on controller InventoryHub.API.Controllers.SuppliersController (InventoryHub.API).
2026-04-05 17:28:15.718 +09:00 [INF] Executed DbCommand (49ms) [Parameters=[], CommandType='"Text"', CommandTimeout='30']
SELECT `c`.`id`, `c`.`created_at`, `c`.`is_deleted`, `c`.`name`, `c`.`updated_at`
FROM `categories` AS `c`
WHERE NOT (`c`.`is_deleted`)
ORDER BY `c`.`name`
2026-04-05 17:28:15.724 +09:00 [INF] Executing OkObjectResult, writing value of type 'System.Collections.Generic.List`1[[InventoryHub.API.DTOs.CategoryDto, InventoryHub.API, Version=1.0.0.0, Culture=neutral, PublicKeyToken=null]]'.
2026-04-05 17:28:15.725 +09:00 [INF] Executed action InventoryHub.API.Controllers.CategoriesController.GetCategories (InventoryHub.API) in 535.6633ms
2026-04-05 17:28:15.725 +09:00 [INF] Executed endpoint 'InventoryHub.API.Controllers.CategoriesController.GetCategories (InventoryHub.API)'
2026-04-05 17:28:15.725 +09:00 [INF] Request finished HTTP/1.1 GET http://localhost:5022/api/categories - 200 null application/json; charset=utf-8 564.4257ms
2026-04-05 17:28:15.727 +09:00 [INF] Executed DbCommand (64ms) [Parameters=[], CommandType='"Text"', CommandTimeout='30']
SELECT `s`.`id`, `s`.`created_at`, `s`.`is_deleted`, `s`.`name`, `s`.`updated_at`
FROM `suppliers` AS `s`
WHERE NOT (`s`.`is_deleted`)
ORDER BY `s`.`name`
2026-04-05 17:28:15.728 +09:00 [INF] Executed DbCommand (29ms) [Parameters=[], CommandType='"Text"', CommandTimeout='30']
SELECT `p`.`id`, `p`.`category_id`, `p`.`created_at`, `p`.`is_deleted`, `p`.`name`, `p`.`updated_at`, `c`.`id`, `c`.`created_at`, `c`.`is_deleted`, `c`.`name`, `c`.`updated_at`
FROM `products` AS `p`
INNER JOIN `categories` AS `c` ON `p`.`category_id` = `c`.`id`
WHERE NOT (`p`.`is_deleted`)
ORDER BY `p`.`name`
2026-04-05 17:28:15.728 +09:00 [INF] Executing OkObjectResult, writing value of type 'System.Collections.Generic.List`1[[InventoryHub.API.DTOs.SupplierDto, InventoryHub.API, Version=1.0.0.0, Culture=neutral, PublicKeyToken=null]]'.
2026-04-05 17:28:15.729 +09:00 [INF] Executed action InventoryHub.API.Controllers.SuppliersController.GetAll (InventoryHub.API) in 540.3665ms
2026-04-05 17:28:15.730 +09:00 [INF] Executed endpoint 'InventoryHub.API.Controllers.SuppliersController.GetAll (InventoryHub.API)'
2026-04-05 17:28:15.730 +09:00 [INF] Request finished HTTP/1.1 GET http://localhost:5022/api/suppliers - 200 null application/json; charset=utf-8 569.44ms
2026-04-05 17:28:15.732 +09:00 [INF] Executing OkObjectResult, writing value of type 'System.Linq.Enumerable+ListSelectIterator`2[[InventoryHub.API.Models.Product, InventoryHub.API, Version=1.0.0.0, Culture=neutral, PublicKeyToken=null],[InventoryHub.API.DTOs.ProductDto, InventoryHub.API, Version=1.0.0.0, Culture=neutral, PublicKeyToken=null]]'.
2026-04-05 17:28:15.732 +09:00 [INF] Executed action InventoryHub.API.Controllers.ProductsController.GetAll (InventoryHub.API) in 543.4611ms
2026-04-05 17:28:15.733 +09:00 [INF] Executed endpoint 'InventoryHub.API.Controllers.ProductsController.GetAll (InventoryHub.API)'
2026-04-05 17:28:15.733 +09:00 [INF] Request finished HTTP/1.1 GET http://localhost:5022/api/products - 200 null application/json; charset=utf-8 572.2509ms
2026-04-05 17:28:25.425 +09:00 [INF] Request starting HTTP/1.1 GET http://localhost:5022/api/products - null null
2026-04-05 17:28:25.425 +09:00 [INF] Request starting HTTP/1.1 GET http://localhost:5022/api/categories - null null
2026-04-05 17:28:25.425 +09:00 [INF] Request starting HTTP/1.1 GET http://localhost:5022/api/suppliers - null null
2026-04-05 17:28:25.425 +09:00 [INF] CORS policy execution successful.
2026-04-05 17:28:25.425 +09:00 [INF] CORS policy execution successful.
2026-04-05 17:28:25.426 +09:00 [INF] CORS policy execution successful.
2026-04-05 17:28:25.426 +09:00 [INF] Executing endpoint 'InventoryHub.API.Controllers.CategoriesController.GetCategories (InventoryHub.API)'
2026-04-05 17:28:25.426 +09:00 [INF] Executing endpoint 'InventoryHub.API.Controllers.SuppliersController.GetAll (InventoryHub.API)'
2026-04-05 17:28:25.426 +09:00 [INF] Executing endpoint 'InventoryHub.API.Controllers.ProductsController.GetAll (InventoryHub.API)'
2026-04-05 17:28:25.427 +09:00 [INF] Route matched with {action = "GetAll", controller = "Products"}. Executing controller action with signature System.Threading.Tasks.Task`1[Microsoft.AspNetCore.Mvc.ActionResult`1[System.Collections.Generic.IEnumerable`1[InventoryHub.API.DTOs.ProductDto]]] GetAll() on controller InventoryHub.API.Controllers.ProductsController (InventoryHub.API).
2026-04-05 17:28:25.427 +09:00 [INF] Route matched with {action = "GetAll", controller = "Suppliers"}. Executing controller action with signature System.Threading.Tasks.Task`1[Microsoft.AspNetCore.Mvc.ActionResult`1[System.Collections.Generic.IEnumerable`1[InventoryHub.API.DTOs.SupplierDto]]] GetAll() on controller InventoryHub.API.Controllers.SuppliersController (InventoryHub.API).
2026-04-05 17:28:25.427 +09:00 [INF] Route matched with {action = "GetCategories", controller = "Categories"}. Executing controller action with signature System.Threading.Tasks.Task`1[Microsoft.AspNetCore.Mvc.ActionResult`1[System.Collections.Generic.IEnumerable`1[InventoryHub.API.DTOs.CategoryDto]]] GetCategories() on controller InventoryHub.API.Controllers.CategoriesController (InventoryHub.API).
2026-04-05 17:28:25.467 +09:00 [INF] Executed DbCommand (3ms) [Parameters=[], CommandType='"Text"', CommandTimeout='30']
SELECT `p`.`id`, `p`.`category_id`, `p`.`created_at`, `p`.`is_deleted`, `p`.`name`, `p`.`updated_at`, `c`.`id`, `c`.`created_at`, `c`.`is_deleted`, `c`.`name`, `c`.`updated_at`
FROM `products` AS `p`
INNER JOIN `categories` AS `c` ON `p`.`category_id` = `c`.`id`
WHERE NOT (`p`.`is_deleted`)
ORDER BY `p`.`name`
2026-04-05 17:28:25.467 +09:00 [INF] Executed DbCommand (2ms) [Parameters=[], CommandType='"Text"', CommandTimeout='30']
SELECT `s`.`id`, `s`.`created_at`, `s`.`is_deleted`, `s`.`name`, `s`.`updated_at`
FROM `suppliers` AS `s`
WHERE NOT (`s`.`is_deleted`)
ORDER BY `s`.`name`
2026-04-05 17:28:25.467 +09:00 [INF] Executed DbCommand (3ms) [Parameters=[], CommandType='"Text"', CommandTimeout='30']
SELECT `c`.`id`, `c`.`created_at`, `c`.`is_deleted`, `c`.`name`, `c`.`updated_at`
FROM `categories` AS `c`
WHERE NOT (`c`.`is_deleted`)
ORDER BY `c`.`name`
2026-04-05 17:28:25.467 +09:00 [INF] Executing OkObjectResult, writing value of type 'System.Collections.Generic.List`1[[InventoryHub.API.DTOs.SupplierDto, InventoryHub.API, Version=1.0.0.0, Culture=neutral, PublicKeyToken=null]]'.
2026-04-05 17:28:25.467 +09:00 [INF] Executing OkObjectResult, writing value of type 'System.Collections.Generic.List`1[[InventoryHub.API.DTOs.CategoryDto, InventoryHub.API, Version=1.0.0.0, Culture=neutral, PublicKeyToken=null]]'.
2026-04-05 17:28:25.468 +09:00 [INF] Executed action InventoryHub.API.Controllers.SuppliersController.GetAll (InventoryHub.API) in 40.3159ms
2026-04-05 17:28:25.468 +09:00 [INF] Executed endpoint 'InventoryHub.API.Controllers.SuppliersController.GetAll (InventoryHub.API)'
2026-04-05 17:28:25.468 +09:00 [INF] Executed action InventoryHub.API.Controllers.CategoriesController.GetCategories (InventoryHub.API) in 40.1197ms
2026-04-05 17:28:25.468 +09:00 [INF] Executed endpoint 'InventoryHub.API.Controllers.CategoriesController.GetCategories (InventoryHub.API)'
2026-04-05 17:28:25.468 +09:00 [INF] Request finished HTTP/1.1 GET http://localhost:5022/api/suppliers - 200 null application/json; charset=utf-8 43.0654ms
2026-04-05 17:28:25.468 +09:00 [INF] Request finished HTTP/1.1 GET http://localhost:5022/api/categories - 200 null application/json; charset=utf-8 43.1744ms
2026-04-05 17:28:25.469 +09:00 [INF] Executing OkObjectResult, writing value of type 'System.Linq.Enumerable+ListSelectIterator`2[[InventoryHub.API.Models.Product, InventoryHub.API, Version=1.0.0.0, Culture=neutral, PublicKeyToken=null],[InventoryHub.API.DTOs.ProductDto, InventoryHub.API, Version=1.0.0.0, Culture=neutral, PublicKeyToken=null]]'.
2026-04-05 17:28:25.470 +09:00 [INF] Executed action InventoryHub.API.Controllers.ProductsController.GetAll (InventoryHub.API) in 42.6862ms
2026-04-05 17:28:25.470 +09:00 [INF] Executed endpoint 'InventoryHub.API.Controllers.ProductsController.GetAll (InventoryHub.API)'
2026-04-05 17:28:25.470 +09:00 [INF] Request finished HTTP/1.1 GET http://localhost:5022/api/products - 200 null application/json; charset=utf-8 45.5023ms
2026-04-05 17:30:02.190 +09:00 [INF] Request starting HTTP/1.1 GET http://localhost:5022/api/suppliers - null null
2026-04-05 17:30:02.190 +09:00 [INF] Request starting HTTP/1.1 GET http://localhost:5022/api/categories - null null
2026-04-05 17:30:02.190 +09:00 [INF] Request starting HTTP/1.1 GET http://localhost:5022/api/products - null null
2026-04-05 17:30:02.192 +09:00 [INF] CORS policy execution successful.
2026-04-05 17:30:02.192 +09:00 [INF] CORS policy execution successful.
2026-04-05 17:30:02.192 +09:00 [INF] CORS policy execution successful.
2026-04-05 17:30:02.192 +09:00 [INF] Executing endpoint 'InventoryHub.API.Controllers.ProductsController.GetAll (InventoryHub.API)'
2026-04-05 17:30:02.192 +09:00 [INF] Executing endpoint 'InventoryHub.API.Controllers.SuppliersController.GetAll (InventoryHub.API)'
2026-04-05 17:30:02.192 +09:00 [INF] Executing endpoint 'InventoryHub.API.Controllers.CategoriesController.GetCategories (InventoryHub.API)'
2026-04-05 17:30:02.192 +09:00 [INF] Route matched with {action = "GetCategories", controller = "Categories"}. Executing controller action with signature System.Threading.Tasks.Task`1[Microsoft.AspNetCore.Mvc.ActionResult`1[System.Collections.Generic.IEnumerable`1[InventoryHub.API.DTOs.CategoryDto]]] GetCategories() on controller InventoryHub.API.Controllers.CategoriesController (InventoryHub.API).
2026-04-05 17:30:02.192 +09:00 [INF] Route matched with {action = "GetAll", controller = "Products"}. Executing controller action with signature System.Threading.Tasks.Task`1[Microsoft.AspNetCore.Mvc.ActionResult`1[System.Collections.Generic.IEnumerable`1[InventoryHub.API.DTOs.ProductDto]]] GetAll() on controller InventoryHub.API.Controllers.ProductsController (InventoryHub.API).
2026-04-05 17:30:02.192 +09:00 [INF] Route matched with {action = "GetAll", controller = "Suppliers"}. Executing controller action with signature System.Threading.Tasks.Task`1[Microsoft.AspNetCore.Mvc.ActionResult`1[System.Collections.Generic.IEnumerable`1[InventoryHub.API.DTOs.SupplierDto]]] GetAll() on controller InventoryHub.API.Controllers.SuppliersController (InventoryHub.API).
2026-04-05 17:30:02.253 +09:00 [INF] Executed DbCommand (1ms) [Parameters=[], CommandType='"Text"', CommandTimeout='30']
SELECT `c`.`id`, `c`.`created_at`, `c`.`is_deleted`, `c`.`name`, `c`.`updated_at`
FROM `categories` AS `c`
WHERE NOT (`c`.`is_deleted`)
ORDER BY `c`.`name`
2026-04-05 17:30:02.253 +09:00 [INF] Executed DbCommand (1ms) [Parameters=[], CommandType='"Text"', CommandTimeout='30']
SELECT `s`.`id`, `s`.`created_at`, `s`.`is_deleted`, `s`.`name`, `s`.`updated_at`
FROM `suppliers` AS `s`
WHERE NOT (`s`.`is_deleted`)
ORDER BY `s`.`name`
2026-04-05 17:30:02.254 +09:00 [INF] Executing OkObjectResult, writing value of type 'System.Collections.Generic.List`1[[InventoryHub.API.DTOs.SupplierDto, InventoryHub.API, Version=1.0.0.0, Culture=neutral, PublicKeyToken=null]]'.
2026-04-05 17:30:02.254 +09:00 [INF] Executed action InventoryHub.API.Controllers.SuppliersController.GetAll (InventoryHub.API) in 61.6875ms
2026-04-05 17:30:02.254 +09:00 [INF] Executing OkObjectResult, writing value of type 'System.Collections.Generic.List`1[[InventoryHub.API.DTOs.CategoryDto, InventoryHub.API, Version=1.0.0.0, Culture=neutral, PublicKeyToken=null]]'.
2026-04-05 17:30:02.254 +09:00 [INF] Executed endpoint 'InventoryHub.API.Controllers.SuppliersController.GetAll (InventoryHub.API)'
2026-04-05 17:30:02.254 +09:00 [INF] Executed action InventoryHub.API.Controllers.CategoriesController.GetCategories (InventoryHub.API) in 62.1531ms
2026-04-05 17:30:02.254 +09:00 [INF] Executed endpoint 'InventoryHub.API.Controllers.CategoriesController.GetCategories (InventoryHub.API)'
2026-04-05 17:30:02.254 +09:00 [INF] Request finished HTTP/1.1 GET http://localhost:5022/api/suppliers - 200 null application/json; charset=utf-8 64.84ms
2026-04-05 17:30:02.254 +09:00 [INF] Request finished HTTP/1.1 GET http://localhost:5022/api/categories - 200 null application/json; charset=utf-8 64.9625ms
2026-04-05 17:30:02.270 +09:00 [INF] Executed DbCommand (17ms) [Parameters=[], CommandType='"Text"', CommandTimeout='30']
SELECT `p`.`id`, `p`.`category_id`, `p`.`created_at`, `p`.`is_deleted`, `p`.`name`, `p`.`updated_at`, `c`.`id`, `c`.`created_at`, `c`.`is_deleted`, `c`.`name`, `c`.`updated_at`
FROM `products` AS `p`
INNER JOIN `categories` AS `c` ON `p`.`category_id` = `c`.`id`
WHERE NOT (`p`.`is_deleted`)
ORDER BY `p`.`name`
2026-04-05 17:30:02.272 +09:00 [INF] Executing OkObjectResult, writing value of type 'System.Linq.Enumerable+ListSelectIterator`2[[InventoryHub.API.Models.Product, InventoryHub.API, Version=1.0.0.0, Culture=neutral, PublicKeyToken=null],[InventoryHub.API.DTOs.ProductDto, InventoryHub.API, Version=1.0.0.0, Culture=neutral, PublicKeyToken=null]]'.
2026-04-05 17:30:02.272 +09:00 [INF] Executed action InventoryHub.API.Controllers.ProductsController.GetAll (InventoryHub.API) in 79.7064ms
2026-04-05 17:30:02.272 +09:00 [INF] Executed endpoint 'InventoryHub.API.Controllers.ProductsController.GetAll (InventoryHub.API)'
2026-04-05 17:30:02.272 +09:00 [INF] Request finished HTTP/1.1 GET http://localhost:5022/api/products - 200 null application/json; charset=utf-8 82.4867ms
2026-04-05 17:30:09.496 +09:00 [INF] Request starting HTTP/1.1 GET http://localhost:5022/api/suppliers - null null
2026-04-05 17:30:09.496 +09:00 [INF] Request starting HTTP/1.1 GET http://localhost:5022/api/products - null null
2026-04-05 17:30:09.496 +09:00 [INF] Request starting HTTP/1.1 GET http://localhost:5022/api/categories - null null
2026-04-05 17:30:09.510 +09:00 [INF] CORS policy execution successful.
2026-04-05 17:30:09.510 +09:00 [INF] CORS policy execution successful.
2026-04-05 17:30:09.510 +09:00 [INF] CORS policy execution successful.
2026-04-05 17:30:09.512 +09:00 [INF] Executing endpoint 'InventoryHub.API.Controllers.ProductsController.GetAll (InventoryHub.API)'
2026-04-05 17:30:09.512 +09:00 [INF] Executing endpoint 'InventoryHub.API.Controllers.SuppliersController.GetAll (InventoryHub.API)'
2026-04-05 17:30:09.512 +09:00 [INF] Executing endpoint 'InventoryHub.API.Controllers.CategoriesController.GetCategories (InventoryHub.API)'
2026-04-05 17:30:09.514 +09:00 [INF] Route matched with {action = "GetCategories", controller = "Categories"}. Executing controller action with signature System.Threading.Tasks.Task`1[Microsoft.AspNetCore.Mvc.ActionResult`1[System.Collections.Generic.IEnumerable`1[InventoryHub.API.DTOs.CategoryDto]]] GetCategories() on controller InventoryHub.API.Controllers.CategoriesController (InventoryHub.API).
2026-04-05 17:30:09.514 +09:00 [INF] Route matched with {action = "GetAll", controller = "Suppliers"}. Executing controller action with signature System.Threading.Tasks.Task`1[Microsoft.AspNetCore.Mvc.ActionResult`1[System.Collections.Generic.IEnumerable`1[InventoryHub.API.DTOs.SupplierDto]]] GetAll() on controller InventoryHub.API.Controllers.SuppliersController (InventoryHub.API).
2026-04-05 17:30:09.513 +09:00 [INF] Route matched with {action = "GetAll", controller = "Products"}. Executing controller action with signature System.Threading.Tasks.Task`1[Microsoft.AspNetCore.Mvc.ActionResult`1[System.Collections.Generic.IEnumerable`1[InventoryHub.API.DTOs.ProductDto]]] GetAll() on controller InventoryHub.API.Controllers.ProductsController (InventoryHub.API).
2026-04-05 17:30:09.928 +09:00 [INF] Executed DbCommand (28ms) [Parameters=[], CommandType='"Text"', CommandTimeout='30']
SELECT `c`.`id`, `c`.`created_at`, `c`.`is_deleted`, `c`.`name`, `c`.`updated_at`
FROM `categories` AS `c`
WHERE NOT (`c`.`is_deleted`)
ORDER BY `c`.`name`
2026-04-05 17:30:09.928 +09:00 [INF] Executed DbCommand (28ms) [Parameters=[], CommandType='"Text"', CommandTimeout='30']
SELECT `s`.`id`, `s`.`created_at`, `s`.`is_deleted`, `s`.`name`, `s`.`updated_at`
FROM `suppliers` AS `s`
WHERE NOT (`s`.`is_deleted`)
ORDER BY `s`.`name`
2026-04-05 17:30:09.928 +09:00 [INF] Executed DbCommand (28ms) [Parameters=[], CommandType='"Text"', CommandTimeout='30']
SELECT `p`.`id`, `p`.`category_id`, `p`.`created_at`, `p`.`is_deleted`, `p`.`name`, `p`.`updated_at`, `c`.`id`, `c`.`created_at`, `c`.`is_deleted`, `c`.`name`, `c`.`updated_at`
FROM `products` AS `p`
INNER JOIN `categories` AS `c` ON `p`.`category_id` = `c`.`id`
WHERE NOT (`p`.`is_deleted`)
ORDER BY `p`.`name`
2026-04-05 17:30:09.933 +09:00 [INF] Executing OkObjectResult, writing value of type 'System.Collections.Generic.List`1[[InventoryHub.API.DTOs.SupplierDto, InventoryHub.API, Version=1.0.0.0, Culture=neutral, PublicKeyToken=null]]'.
2026-04-05 17:30:09.933 +09:00 [INF] Executing OkObjectResult, writing value of type 'System.Collections.Generic.List`1[[InventoryHub.API.DTOs.CategoryDto, InventoryHub.API, Version=1.0.0.0, Culture=neutral, PublicKeyToken=null]]'.
2026-04-05 17:30:09.934 +09:00 [INF] Executed action InventoryHub.API.Controllers.SuppliersController.GetAll (InventoryHub.API) in 419.8832ms
2026-04-05 17:30:09.934 +09:00 [INF] Executed endpoint 'InventoryHub.API.Controllers.SuppliersController.GetAll (InventoryHub.API)'
2026-04-05 17:30:09.934 +09:00 [INF] Executed action InventoryHub.API.Controllers.CategoriesController.GetCategories (InventoryHub.API) in 419.892ms
2026-04-05 17:30:09.934 +09:00 [INF] Executed endpoint 'InventoryHub.API.Controllers.CategoriesController.GetCategories (InventoryHub.API)'
2026-04-05 17:30:09.934 +09:00 [INF] Request finished HTTP/1.1 GET http://localhost:5022/api/categories - 200 null application/json; charset=utf-8 440.4727ms
2026-04-05 17:30:09.934 +09:00 [INF] Request finished HTTP/1.1 GET http://localhost:5022/api/suppliers - 200 null application/json; charset=utf-8 440.4554ms
2026-04-05 17:30:09.936 +09:00 [INF] Executing OkObjectResult, writing value of type 'System.Linq.Enumerable+ListSelectIterator`2[[InventoryHub.API.Models.Product, InventoryHub.API, Version=1.0.0.0, Culture=neutral, PublicKeyToken=null],[InventoryHub.API.DTOs.ProductDto, InventoryHub.API, Version=1.0.0.0, Culture=neutral, PublicKeyToken=null]]'.
2026-04-05 17:30:09.937 +09:00 [INF] Executed action InventoryHub.API.Controllers.ProductsController.GetAll (InventoryHub.API) in 421.7055ms
2026-04-05 17:30:09.937 +09:00 [INF] Executed endpoint 'InventoryHub.API.Controllers.ProductsController.GetAll (InventoryHub.API)'
2026-04-05 17:30:09.937 +09:00 [INF] Request finished HTTP/1.1 GET http://localhost:5022/api/products - 200 null application/json; charset=utf-8 443.0033ms
2026-04-05 17:30:17.434 +09:00 [INF] Request starting HTTP/1.1 GET http://localhost:5022/api/categories - null null
2026-04-05 17:30:17.434 +09:00 [INF] Request starting HTTP/1.1 GET http://localhost:5022/api/products - null null
2026-04-05 17:30:17.434 +09:00 [INF] Request starting HTTP/1.1 GET http://localhost:5022/api/suppliers - null null
2026-04-05 17:30:17.439 +09:00 [INF] CORS policy execution successful.
2026-04-05 17:30:17.439 +09:00 [INF] CORS policy execution successful.
2026-04-05 17:30:17.439 +09:00 [INF] CORS policy execution successful.
2026-04-05 17:30:17.441 +09:00 [INF] Executing endpoint 'InventoryHub.API.Controllers.ProductsController.GetAll (InventoryHub.API)'
2026-04-05 17:30:17.441 +09:00 [INF] Executing endpoint 'InventoryHub.API.Controllers.SuppliersController.GetAll (InventoryHub.API)'
2026-04-05 17:30:17.441 +09:00 [INF] Executing endpoint 'InventoryHub.API.Controllers.CategoriesController.GetCategories (InventoryHub.API)'
2026-04-05 17:30:17.441 +09:00 [INF] Route matched with {action = "GetAll", controller = "Products"}. Executing controller action with signature System.Threading.Tasks.Task`1[Microsoft.AspNetCore.Mvc.ActionResult`1[System.Collections.Generic.IEnumerable`1[InventoryHub.API.DTOs.ProductDto]]] GetAll() on controller InventoryHub.API.Controllers.ProductsController (InventoryHub.API).
2026-04-05 17:30:17.441 +09:00 [INF] Route matched with {action = "GetAll", controller = "Suppliers"}. Executing controller action with signature System.Threading.Tasks.Task`1[Microsoft.AspNetCore.Mvc.ActionResult`1[System.Collections.Generic.IEnumerable`1[InventoryHub.API.DTOs.SupplierDto]]] GetAll() on controller InventoryHub.API.Controllers.SuppliersController (InventoryHub.API).
2026-04-05 17:30:17.442 +09:00 [INF] Route matched with {action = "GetCategories", controller = "Categories"}. Executing controller action with signature System.Threading.Tasks.Task`1[Microsoft.AspNetCore.Mvc.ActionResult`1[System.Collections.Generic.IEnumerable`1[InventoryHub.API.DTOs.CategoryDto]]] GetCategories() on controller InventoryHub.API.Controllers.CategoriesController (InventoryHub.API).
2026-04-05 17:30:17.504 +09:00 [INF] Executed DbCommand (0ms) [Parameters=[], CommandType='"Text"', CommandTimeout='30']
SELECT `s`.`id`, `s`.`created_at`, `s`.`is_deleted`, `s`.`name`, `s`.`updated_at`
FROM `suppliers` AS `s`
WHERE NOT (`s`.`is_deleted`)
ORDER BY `s`.`name`
2026-04-05 17:30:17.504 +09:00 [INF] Executing OkObjectResult, writing value of type 'System.Collections.Generic.List`1[[InventoryHub.API.DTOs.SupplierDto, InventoryHub.API, Version=1.0.0.0, Culture=neutral, PublicKeyToken=null]]'.
2026-04-05 17:30:17.505 +09:00 [INF] Executed action InventoryHub.API.Controllers.SuppliersController.GetAll (InventoryHub.API) in 62.4755ms
2026-04-05 17:30:17.505 +09:00 [INF] Executed endpoint 'InventoryHub.API.Controllers.SuppliersController.GetAll (InventoryHub.API)'
2026-04-05 17:30:17.505 +09:00 [INF] Request finished HTTP/1.1 GET http://localhost:5022/api/suppliers - 200 null application/json; charset=utf-8 70.6867ms
2026-04-05 17:30:17.508 +09:00 [INF] Executed DbCommand (5ms) [Parameters=[], CommandType='"Text"', CommandTimeout='30']
SELECT `c`.`id`, `c`.`created_at`, `c`.`is_deleted`, `c`.`name`, `c`.`updated_at`
FROM `categories` AS `c`
WHERE NOT (`c`.`is_deleted`)
ORDER BY `c`.`name`
2026-04-05 17:30:17.508 +09:00 [INF] Executing OkObjectResult, writing value of type 'System.Collections.Generic.List`1[[InventoryHub.API.DTOs.CategoryDto, InventoryHub.API, Version=1.0.0.0, Culture=neutral, PublicKeyToken=null]]'.
2026-04-05 17:30:17.508 +09:00 [INF] Executed action InventoryHub.API.Controllers.CategoriesController.GetCategories (InventoryHub.API) in 65.995ms
2026-04-05 17:30:17.509 +09:00 [INF] Executed endpoint 'InventoryHub.API.Controllers.CategoriesController.GetCategories (InventoryHub.API)'
2026-04-05 17:30:17.509 +09:00 [INF] Request finished HTTP/1.1 GET http://localhost:5022/api/categories - 200 null application/json; charset=utf-8 74.7869ms
2026-04-05 17:30:17.513 +09:00 [INF] Executed DbCommand (11ms) [Parameters=[], CommandType='"Text"', CommandTimeout='30']
SELECT `p`.`id`, `p`.`category_id`, `p`.`created_at`, `p`.`is_deleted`, `p`.`name`, `p`.`updated_at`, `c`.`id`, `c`.`created_at`, `c`.`is_deleted`, `c`.`name`, `c`.`updated_at`
FROM `products` AS `p`
INNER JOIN `categories` AS `c` ON `p`.`category_id` = `c`.`id`
WHERE NOT (`p`.`is_deleted`)
ORDER BY `p`.`name`
2026-04-05 17:30:17.514 +09:00 [INF] Executing OkObjectResult, writing value of type 'System.Linq.Enumerable+ListSelectIterator`2[[InventoryHub.API.Models.Product, InventoryHub.API, Version=1.0.0.0, Culture=neutral, PublicKeyToken=null],[InventoryHub.API.DTOs.ProductDto, InventoryHub.API, Version=1.0.0.0, Culture=neutral, PublicKeyToken=null]]'.
2026-04-05 17:30:17.515 +09:00 [INF] Executed action InventoryHub.API.Controllers.ProductsController.GetAll (InventoryHub.API) in 72.8155ms
2026-04-05 17:30:17.515 +09:00 [INF] Executed endpoint 'InventoryHub.API.Controllers.ProductsController.GetAll (InventoryHub.API)'
2026-04-05 17:30:17.515 +09:00 [INF] Request finished HTTP/1.1 GET http://localhost:5022/api/products - 200 null application/json; charset=utf-8 80.6602ms
2026-04-05 17:31:22.206 +09:00 [INF] Request starting HTTP/1.1 GET http://localhost:5022/api/categories - null null
2026-04-05 17:31:22.206 +09:00 [INF] Request starting HTTP/1.1 GET http://localhost:5022/api/products - null null
2026-04-05 17:31:22.206 +09:00 [INF] Request starting HTTP/1.1 GET http://localhost:5022/api/suppliers - null null
2026-04-05 17:31:22.217 +09:00 [INF] CORS policy execution successful.
2026-04-05 17:31:22.217 +09:00 [INF] CORS policy execution successful.
2026-04-05 17:31:22.217 +09:00 [INF] CORS policy execution successful.
2026-04-05 17:31:22.218 +09:00 [INF] Executing endpoint 'InventoryHub.API.Controllers.CategoriesController.GetCategories (InventoryHub.API)'
2026-04-05 17:31:22.219 +09:00 [INF] Executing endpoint 'InventoryHub.API.Controllers.SuppliersController.GetAll (InventoryHub.API)'
2026-04-05 17:31:22.219 +09:00 [INF] Executing endpoint 'InventoryHub.API.Controllers.ProductsController.GetAll (InventoryHub.API)'
2026-04-05 17:31:22.222 +09:00 [INF] Route matched with {action = "GetAll", controller = "Products"}. Executing controller action with signature System.Threading.Tasks.Task`1[Microsoft.AspNetCore.Mvc.ActionResult`1[System.Collections.Generic.IEnumerable`1[InventoryHub.API.DTOs.ProductDto]]] GetAll() on controller InventoryHub.API.Controllers.ProductsController (InventoryHub.API).
2026-04-05 17:31:22.222 +09:00 [INF] Route matched with {action = "GetAll", controller = "Suppliers"}. Executing controller action with signature System.Threading.Tasks.Task`1[Microsoft.AspNetCore.Mvc.ActionResult`1[System.Collections.Generic.IEnumerable`1[InventoryHub.API.DTOs.SupplierDto]]] GetAll() on controller InventoryHub.API.Controllers.SuppliersController (InventoryHub.API).
2026-04-05 17:31:22.235 +09:00 [INF] Route matched with {action = "GetCategories", controller = "Categories"}. Executing controller action with signature System.Threading.Tasks.Task`1[Microsoft.AspNetCore.Mvc.ActionResult`1[System.Collections.Generic.IEnumerable`1[InventoryHub.API.DTOs.CategoryDto]]] GetCategories() on controller InventoryHub.API.Controllers.CategoriesController (InventoryHub.API).
2026-04-05 17:31:22.405 +09:00 [INF] Executed DbCommand (18ms) [Parameters=[], CommandType='"Text"', CommandTimeout='30']
SELECT `c`.`id`, `c`.`created_at`, `c`.`is_deleted`, `c`.`name`, `c`.`updated_at`
FROM `categories` AS `c`
WHERE NOT (`c`.`is_deleted`)
ORDER BY `c`.`name`
2026-04-05 17:31:22.405 +09:00 [INF] Executed DbCommand (18ms) [Parameters=[], CommandType='"Text"', CommandTimeout='30']
SELECT `s`.`id`, `s`.`created_at`, `s`.`is_deleted`, `s`.`name`, `s`.`updated_at`
FROM `suppliers` AS `s`
WHERE NOT (`s`.`is_deleted`)
ORDER BY `s`.`name`
2026-04-05 17:31:22.405 +09:00 [INF] Executed DbCommand (18ms) [Parameters=[], CommandType='"Text"', CommandTimeout='30']
SELECT `p`.`id`, `p`.`category_id`, `p`.`created_at`, `p`.`is_deleted`, `p`.`name`, `p`.`updated_at`, `c`.`id`, `c`.`created_at`, `c`.`is_deleted`, `c`.`name`, `c`.`updated_at`
FROM `products` AS `p`
INNER JOIN `categories` AS `c` ON `p`.`category_id` = `c`.`id`
WHERE NOT (`p`.`is_deleted`)
ORDER BY `p`.`name`
2026-04-05 17:31:22.406 +09:00 [INF] Executing OkObjectResult, writing value of type 'System.Collections.Generic.List`1[[InventoryHub.API.DTOs.CategoryDto, InventoryHub.API, Version=1.0.0.0, Culture=neutral, PublicKeyToken=null]]'.
2026-04-05 17:31:22.406 +09:00 [INF] Executing OkObjectResult, writing value of type 'System.Collections.Generic.List`1[[InventoryHub.API.DTOs.SupplierDto, InventoryHub.API, Version=1.0.0.0, Culture=neutral, PublicKeyToken=null]]'.
2026-04-05 17:31:22.407 +09:00 [INF] Executed action InventoryHub.API.Controllers.CategoriesController.GetCategories (InventoryHub.API) in 171.5216ms
2026-04-05 17:31:22.407 +09:00 [INF] Executed endpoint 'InventoryHub.API.Controllers.CategoriesController.GetCategories (InventoryHub.API)'
2026-04-05 17:31:22.407 +09:00 [INF] Executed action InventoryHub.API.Controllers.SuppliersController.GetAll (InventoryHub.API) in 171.886ms
2026-04-05 17:31:22.407 +09:00 [INF] Request finished HTTP/1.1 GET http://localhost:5022/api/categories - 200 null application/json; charset=utf-8 202.9977ms
2026-04-05 17:31:22.407 +09:00 [INF] Executed endpoint 'InventoryHub.API.Controllers.SuppliersController.GetAll (InventoryHub.API)'
2026-04-05 17:31:22.407 +09:00 [INF] Request finished HTTP/1.1 GET http://localhost:5022/api/suppliers - 200 null application/json; charset=utf-8 203.2219ms
2026-04-05 17:31:22.408 +09:00 [INF] Executing OkObjectResult, writing value of type 'System.Linq.Enumerable+ListSelectIterator`2[[InventoryHub.API.Models.Product, InventoryHub.API, Version=1.0.0.0, Culture=neutral, PublicKeyToken=null],[InventoryHub.API.DTOs.ProductDto, InventoryHub.API, Version=1.0.0.0, Culture=neutral, PublicKeyToken=null]]'.
2026-04-05 17:31:22.408 +09:00 [INF] Executed action InventoryHub.API.Controllers.ProductsController.GetAll (InventoryHub.API) in 173.3889ms
2026-04-05 17:31:22.408 +09:00 [INF] Executed endpoint 'InventoryHub.API.Controllers.ProductsController.GetAll (InventoryHub.API)'
2026-04-05 17:31:22.408 +09:00 [INF] Request finished HTTP/1.1 GET http://localhost:5022/api/products - 200 null application/json; charset=utf-8 204.5035ms
2026-04-05 17:31:41.468 +09:00 [INF] Request starting HTTP/1.1 GET http://localhost:5022/api/suppliers - null null
2026-04-05 17:31:41.468 +09:00 [INF] Request starting HTTP/1.1 GET http://localhost:5022/api/products - null null
2026-04-05 17:31:41.469 +09:00 [INF] Request starting HTTP/1.1 GET http://localhost:5022/api/categories - null null
2026-04-05 17:31:41.469 +09:00 [INF] CORS policy execution successful.
2026-04-05 17:31:41.469 +09:00 [INF] CORS policy execution successful.
2026-04-05 17:31:41.469 +09:00 [INF] Executing endpoint 'InventoryHub.API.Controllers.SuppliersController.GetAll (InventoryHub.API)'
2026-04-05 17:31:41.469 +09:00 [INF] Executing endpoint 'InventoryHub.API.Controllers.ProductsController.GetAll (InventoryHub.API)'
2026-04-05 17:31:41.469 +09:00 [INF] CORS policy execution successful.
2026-04-05 17:31:41.469 +09:00 [INF] Executing endpoint 'InventoryHub.API.Controllers.CategoriesController.GetCategories (InventoryHub.API)'
2026-04-05 17:31:41.471 +09:00 [INF] Route matched with {action = "GetCategories", controller = "Categories"}. Executing controller action with signature System.Threading.Tasks.Task`1[Microsoft.AspNetCore.Mvc.ActionResult`1[System.Collections.Generic.IEnumerable`1[InventoryHub.API.DTOs.CategoryDto]]] GetCategories() on controller InventoryHub.API.Controllers.CategoriesController (InventoryHub.API).
2026-04-05 17:31:41.471 +09:00 [INF] Route matched with {action = "GetAll", controller = "Products"}. Executing controller action with signature System.Threading.Tasks.Task`1[Microsoft.AspNetCore.Mvc.ActionResult`1[System.Collections.Generic.IEnumerable`1[InventoryHub.API.DTOs.ProductDto]]] GetAll() on controller InventoryHub.API.Controllers.ProductsController (InventoryHub.API).
2026-04-05 17:31:41.471 +09:00 [INF] Route matched with {action = "GetAll", controller = "Suppliers"}. Executing controller action with signature System.Threading.Tasks.Task`1[Microsoft.AspNetCore.Mvc.ActionResult`1[System.Collections.Generic.IEnumerable`1[InventoryHub.API.DTOs.SupplierDto]]] GetAll() on controller InventoryHub.API.Controllers.SuppliersController (InventoryHub.API).
2026-04-05 17:31:41.597 +09:00 [INF] Executed DbCommand (30ms) [Parameters=[], CommandType='"Text"', CommandTimeout='30']
SELECT `c`.`id`, `c`.`created_at`, `c`.`is_deleted`, `c`.`name`, `c`.`updated_at`
FROM `categories` AS `c`
WHERE NOT (`c`.`is_deleted`)
ORDER BY `c`.`name`
2026-04-05 17:31:41.597 +09:00 [INF] Executed DbCommand (30ms) [Parameters=[], CommandType='"Text"', CommandTimeout='30']
SELECT `p`.`id`, `p`.`category_id`, `p`.`created_at`, `p`.`is_deleted`, `p`.`name`, `p`.`updated_at`, `c`.`id`, `c`.`created_at`, `c`.`is_deleted`, `c`.`name`, `c`.`updated_at`
FROM `products` AS `p`
INNER JOIN `categories` AS `c` ON `p`.`category_id` = `c`.`id`
WHERE NOT (`p`.`is_deleted`)
ORDER BY `p`.`name`
2026-04-05 17:31:41.597 +09:00 [INF] Executed DbCommand (30ms) [Parameters=[], CommandType='"Text"', CommandTimeout='30']
SELECT `s`.`id`, `s`.`created_at`, `s`.`is_deleted`, `s`.`name`, `s`.`updated_at`
FROM `suppliers` AS `s`
WHERE NOT (`s`.`is_deleted`)
ORDER BY `s`.`name`
2026-04-05 17:31:41.597 +09:00 [INF] Executing OkObjectResult, writing value of type 'System.Collections.Generic.List`1[[InventoryHub.API.DTOs.CategoryDto, InventoryHub.API, Version=1.0.0.0, Culture=neutral, PublicKeyToken=null]]'.
2026-04-05 17:31:41.597 +09:00 [INF] Executing OkObjectResult, writing value of type 'System.Collections.Generic.List`1[[InventoryHub.API.DTOs.SupplierDto, InventoryHub.API, Version=1.0.0.0, Culture=neutral, PublicKeyToken=null]]'.
2026-04-05 17:31:41.597 +09:00 [INF] Executed action InventoryHub.API.Controllers.CategoriesController.GetCategories (InventoryHub.API) in 125.8582ms
2026-04-05 17:31:41.597 +09:00 [INF] Executed endpoint 'InventoryHub.API.Controllers.CategoriesController.GetCategories (InventoryHub.API)'
2026-04-05 17:31:41.597 +09:00 [INF] Executed action InventoryHub.API.Controllers.SuppliersController.GetAll (InventoryHub.API) in 125.9099ms
2026-04-05 17:31:41.598 +09:00 [INF] Executed endpoint 'InventoryHub.API.Controllers.SuppliersController.GetAll (InventoryHub.API)'
2026-04-05 17:31:41.598 +09:00 [INF] Request finished HTTP/1.1 GET http://localhost:5022/api/categories - 200 null application/json; charset=utf-8 128.9574ms
2026-04-05 17:31:41.598 +09:00 [INF] Request finished HTTP/1.1 GET http://localhost:5022/api/suppliers - 200 null application/json; charset=utf-8 130.1277ms
2026-04-05 17:31:41.598 +09:00 [INF] Executing OkObjectResult, writing value of type 'System.Linq.Enumerable+ListSelectIterator`2[[InventoryHub.API.Models.Product, InventoryHub.API, Version=1.0.0.0, Culture=neutral, PublicKeyToken=null],[InventoryHub.API.DTOs.ProductDto, InventoryHub.API, Version=1.0.0.0, Culture=neutral, PublicKeyToken=null]]'.
2026-04-05 17:31:41.598 +09:00 [INF] Executed action InventoryHub.API.Controllers.ProductsController.GetAll (InventoryHub.API) in 126.9249ms
2026-04-05 17:31:41.598 +09:00 [INF] Executed endpoint 'InventoryHub.API.Controllers.ProductsController.GetAll (InventoryHub.API)'
2026-04-05 17:31:41.598 +09:00 [INF] Request finished HTTP/1.1 GET http://localhost:5022/api/products - 200 null application/json; charset=utf-8 130.76ms
2026-04-05 17:32:48.883 +09:00 [INF] Request starting HTTP/1.1 GET http://localhost:5022/api/suppliers - null null
2026-04-05 17:32:48.968 +09:00 [INF] CORS policy execution successful.
2026-04-05 17:32:49.051 +09:00 [INF] Request starting HTTP/1.1 GET http://localhost:5022/api/categories - null null
2026-04-05 17:32:49.051 +09:00 [INF] Executing endpoint 'InventoryHub.API.Controllers.SuppliersController.GetAll (InventoryHub.API)'
2026-04-05 17:32:49.054 +09:00 [INF] Request starting HTTP/1.1 GET http://localhost:5022/api/products - null null
2026-04-05 17:32:49.072 +09:00 [INF] CORS policy execution successful.
2026-04-05 17:32:49.072 +09:00 [INF] Executing endpoint 'InventoryHub.API.Controllers.ProductsController.GetAll (InventoryHub.API)'
2026-04-05 17:32:49.073 +09:00 [INF] CORS policy execution successful.
2026-04-05 17:32:49.073 +09:00 [INF] Executing endpoint 'InventoryHub.API.Controllers.CategoriesController.GetCategories (InventoryHub.API)'
2026-04-05 17:32:49.088 +09:00 [INF] Route matched with {action = "GetAll", controller = "Products"}. Executing controller action with signature System.Threading.Tasks.Task`1[Microsoft.AspNetCore.Mvc.ActionResult`1[System.Collections.Generic.IEnumerable`1[InventoryHub.API.DTOs.ProductDto]]] GetAll() on controller InventoryHub.API.Controllers.ProductsController (InventoryHub.API).
2026-04-05 17:32:49.088 +09:00 [INF] Route matched with {action = "GetAll", controller = "Suppliers"}. Executing controller action with signature System.Threading.Tasks.Task`1[Microsoft.AspNetCore.Mvc.ActionResult`1[System.Collections.Generic.IEnumerable`1[InventoryHub.API.DTOs.SupplierDto]]] GetAll() on controller InventoryHub.API.Controllers.SuppliersController (InventoryHub.API).
2026-04-05 17:32:49.088 +09:00 [INF] Route matched with {action = "GetCategories", controller = "Categories"}. Executing controller action with signature System.Threading.Tasks.Task`1[Microsoft.AspNetCore.Mvc.ActionResult`1[System.Collections.Generic.IEnumerable`1[InventoryHub.API.DTOs.CategoryDto]]] GetCategories() on controller InventoryHub.API.Controllers.CategoriesController (InventoryHub.API).
2026-04-05 17:32:49.475 +09:00 [INF] Executed DbCommand (29ms) [Parameters=[], CommandType='"Text"', CommandTimeout='30']
SELECT `s`.`id`, `s`.`created_at`, `s`.`is_deleted`, `s`.`name`, `s`.`updated_at`
FROM `suppliers` AS `s`
WHERE NOT (`s`.`is_deleted`)
ORDER BY `s`.`name`
2026-04-05 17:32:49.475 +09:00 [INF] Executed DbCommand (29ms) [Parameters=[], CommandType='"Text"', CommandTimeout='30']
SELECT `p`.`id`, `p`.`category_id`, `p`.`created_at`, `p`.`is_deleted`, `p`.`name`, `p`.`updated_at`, `c`.`id`, `c`.`created_at`, `c`.`is_deleted`, `c`.`name`, `c`.`updated_at`
FROM `products` AS `p`
INNER JOIN `categories` AS `c` ON `p`.`category_id` = `c`.`id`
WHERE NOT (`p`.`is_deleted`)
ORDER BY `p`.`name`
2026-04-05 17:32:49.475 +09:00 [INF] Executed DbCommand (27ms) [Parameters=[], CommandType='"Text"', CommandTimeout='30']
SELECT `c`.`id`, `c`.`created_at`, `c`.`is_deleted`, `c`.`name`, `c`.`updated_at`
FROM `categories` AS `c`
WHERE NOT (`c`.`is_deleted`)
ORDER BY `c`.`name`
2026-04-05 17:32:49.476 +09:00 [INF] Executing OkObjectResult, writing value of type 'System.Collections.Generic.List`1[[InventoryHub.API.DTOs.SupplierDto, InventoryHub.API, Version=1.0.0.0, Culture=neutral, PublicKeyToken=null]]'.
2026-04-05 17:32:49.476 +09:00 [INF] Executing OkObjectResult, writing value of type 'System.Collections.Generic.List`1[[InventoryHub.API.DTOs.CategoryDto, InventoryHub.API, Version=1.0.0.0, Culture=neutral, PublicKeyToken=null]]'.
2026-04-05 17:32:49.476 +09:00 [INF] Executed action InventoryHub.API.Controllers.CategoriesController.GetCategories (InventoryHub.API) in 387.1487ms
2026-04-05 17:32:49.476 +09:00 [INF] Executed endpoint 'InventoryHub.API.Controllers.CategoriesController.GetCategories (InventoryHub.API)'
2026-04-05 17:32:49.476 +09:00 [INF] Executed action InventoryHub.API.Controllers.SuppliersController.GetAll (InventoryHub.API) in 387.1527ms
2026-04-05 17:32:49.476 +09:00 [INF] Request finished HTTP/1.1 GET http://localhost:5022/api/categories - 200 null application/json; charset=utf-8 425.417ms
2026-04-05 17:32:49.476 +09:00 [INF] Executed endpoint 'InventoryHub.API.Controllers.SuppliersController.GetAll (InventoryHub.API)'
2026-04-05 17:32:49.476 +09:00 [INF] Request finished HTTP/1.1 GET http://localhost:5022/api/suppliers - 200 null application/json; charset=utf-8 593.2557ms
2026-04-05 17:32:49.476 +09:00 [INF] Executing OkObjectResult, writing value of type 'System.Linq.Enumerable+ListSelectIterator`2[[InventoryHub.API.Models.Product, InventoryHub.API, Version=1.0.0.0, Culture=neutral, PublicKeyToken=null],[InventoryHub.API.DTOs.ProductDto, InventoryHub.API, Version=1.0.0.0, Culture=neutral, PublicKeyToken=null]]'.
2026-04-05 17:32:49.477 +09:00 [INF] Executed action InventoryHub.API.Controllers.ProductsController.GetAll (InventoryHub.API) in 387.1969ms
2026-04-05 17:32:49.477 +09:00 [INF] Executed endpoint 'InventoryHub.API.Controllers.ProductsController.GetAll (InventoryHub.API)'
2026-04-05 17:32:49.477 +09:00 [INF] Request finished HTTP/1.1 GET http://localhost:5022/api/products - 200 null application/json; charset=utf-8 423.1464ms
2026-04-05 17:33:04.068 +09:00 [INF] Request starting HTTP/1.1 GET http://localhost:5022/api/products - null null
2026-04-05 17:33:04.068 +09:00 [INF] Request starting HTTP/1.1 GET http://localhost:5022/api/categories - null null
2026-04-05 17:33:04.068 +09:00 [INF] Request starting HTTP/1.1 GET http://localhost:5022/api/suppliers - null null
2026-04-05 17:33:04.070 +09:00 [INF] CORS policy execution successful.
2026-04-05 17:33:04.070 +09:00 [INF] CORS policy execution successful.
2026-04-05 17:33:04.070 +09:00 [INF] CORS policy execution successful.
2026-04-05 17:33:04.071 +09:00 [INF] Executing endpoint 'InventoryHub.API.Controllers.CategoriesController.GetCategories (InventoryHub.API)'
2026-04-05 17:33:04.071 +09:00 [INF] Executing endpoint 'InventoryHub.API.Controllers.SuppliersController.GetAll (InventoryHub.API)'
2026-04-05 17:33:04.071 +09:00 [INF] Route matched with {action = "GetCategories", controller = "Categories"}. Executing controller action with signature System.Threading.Tasks.Task`1[Microsoft.AspNetCore.Mvc.ActionResult`1[System.Collections.Generic.IEnumerable`1[InventoryHub.API.DTOs.CategoryDto]]] GetCategories() on controller InventoryHub.API.Controllers.CategoriesController (InventoryHub.API).
2026-04-05 17:33:04.071 +09:00 [INF] Route matched with {action = "GetAll", controller = "Suppliers"}. Executing controller action with signature System.Threading.Tasks.Task`1[Microsoft.AspNetCore.Mvc.ActionResult`1[System.Collections.Generic.IEnumerable`1[InventoryHub.API.DTOs.SupplierDto]]] GetAll() on controller InventoryHub.API.Controllers.SuppliersController (InventoryHub.API).
2026-04-05 17:33:04.071 +09:00 [INF] Executing endpoint 'InventoryHub.API.Controllers.ProductsController.GetAll (InventoryHub.API)'
2026-04-05 17:33:04.072 +09:00 [INF] Route matched with {action = "GetAll", controller = "Products"}. Executing controller action with signature System.Threading.Tasks.Task`1[Microsoft.AspNetCore.Mvc.ActionResult`1[System.Collections.Generic.IEnumerable`1[InventoryHub.API.DTOs.ProductDto]]] GetAll() on controller InventoryHub.API.Controllers.ProductsController (InventoryHub.API).
2026-04-05 17:33:04.142 +09:00 [INF] Executed DbCommand (2ms) [Parameters=[], CommandType='"Text"', CommandTimeout='30']
SELECT `c`.`id`, `c`.`created_at`, `c`.`is_deleted`, `c`.`name`, `c`.`updated_at`
FROM `categories` AS `c`
WHERE NOT (`c`.`is_deleted`)
ORDER BY `c`.`name`
2026-04-05 17:33:04.143 +09:00 [INF] Executing OkObjectResult, writing value of type 'System.Collections.Generic.List`1[[InventoryHub.API.DTOs.CategoryDto, InventoryHub.API, Version=1.0.0.0, Culture=neutral, PublicKeyToken=null]]'.
2026-04-05 17:33:04.143 +09:00 [INF] Executed action InventoryHub.API.Controllers.CategoriesController.GetCategories (InventoryHub.API) in 71.7426ms
2026-04-05 17:33:04.143 +09:00 [INF] Executed endpoint 'InventoryHub.API.Controllers.CategoriesController.GetCategories (InventoryHub.API)'
2026-04-05 17:33:04.143 +09:00 [INF] Request finished HTTP/1.1 GET http://localhost:5022/api/categories - 200 null application/json; charset=utf-8 75.314ms
2026-04-05 17:33:04.153 +09:00 [INF] Executed DbCommand (4ms) [Parameters=[], CommandType='"Text"', CommandTimeout='30']
SELECT `s`.`id`, `s`.`created_at`, `s`.`is_deleted`, `s`.`name`, `s`.`updated_at`
FROM `suppliers` AS `s`
WHERE NOT (`s`.`is_deleted`)
ORDER BY `s`.`name`
2026-04-05 17:33:04.155 +09:00 [INF] Executing OkObjectResult, writing value of type 'System.Collections.Generic.List`1[[InventoryHub.API.DTOs.SupplierDto, InventoryHub.API, Version=1.0.0.0, Culture=neutral, PublicKeyToken=null]]'.
2026-04-05 17:33:04.156 +09:00 [INF] Executed action InventoryHub.API.Controllers.SuppliersController.GetAll (InventoryHub.API) in 84.473ms
2026-04-05 17:33:04.157 +09:00 [INF] Executed endpoint 'InventoryHub.API.Controllers.SuppliersController.GetAll (InventoryHub.API)'
2026-04-05 17:33:04.157 +09:00 [INF] Request finished HTTP/1.1 GET http://localhost:5022/api/suppliers - 200 null application/json; charset=utf-8 88.9134ms
2026-04-05 17:33:04.160 +09:00 [INF] Executed DbCommand (2ms) [Parameters=[], CommandType='"Text"', CommandTimeout='30']
SELECT `p`.`id`, `p`.`category_id`, `p`.`created_at`, `p`.`is_deleted`, `p`.`name`, `p`.`updated_at`, `c`.`id`, `c`.`created_at`, `c`.`is_deleted`, `c`.`name`, `c`.`updated_at`
FROM `products` AS `p`
INNER JOIN `categories` AS `c` ON `p`.`category_id` = `c`.`id`
WHERE NOT (`p`.`is_deleted`)
ORDER BY `p`.`name`
2026-04-05 17:33:04.162 +09:00 [INF] Executing OkObjectResult, writing value of type 'System.Linq.Enumerable+ListSelectIterator`2[[InventoryHub.API.Models.Product, InventoryHub.API, Version=1.0.0.0, Culture=neutral, PublicKeyToken=null],[InventoryHub.API.DTOs.ProductDto, InventoryHub.API, Version=1.0.0.0, Culture=neutral, PublicKeyToken=null]]'.
2026-04-05 17:33:04.162 +09:00 [INF] Executed action InventoryHub.API.Controllers.ProductsController.GetAll (InventoryHub.API) in 90.5986ms
2026-04-05 17:33:04.163 +09:00 [INF] Executed endpoint 'InventoryHub.API.Controllers.ProductsController.GetAll (InventoryHub.API)'
2026-04-05 17:33:04.163 +09:00 [INF] Request finished HTTP/1.1 GET http://localhost:5022/api/products - 200 null application/json; charset=utf-8 94.7957ms
2026-04-05 17:34:04.368 +09:00 [INF] Request starting HTTP/1.1 GET http://localhost:5022/api/suppliers - null null
2026-04-05 17:34:04.369 +09:00 [INF] Request starting HTTP/1.1 GET http://localhost:5022/api/products - null null
2026-04-05 17:34:04.368 +09:00 [INF] Request starting HTTP/1.1 GET http://localhost:5022/api/categories - null null
2026-04-05 17:34:04.377 +09:00 [INF] CORS policy execution successful.
2026-04-05 17:34:04.377 +09:00 [INF] CORS policy execution successful.
2026-04-05 17:34:04.377 +09:00 [INF] CORS policy execution successful.
2026-04-05 17:34:04.377 +09:00 [INF] Executing endpoint 'InventoryHub.API.Controllers.CategoriesController.GetCategories (InventoryHub.API)'
2026-04-05 17:34:04.377 +09:00 [INF] Executing endpoint 'InventoryHub.API.Controllers.ProductsController.GetAll (InventoryHub.API)'
2026-04-05 17:34:04.377 +09:00 [INF] Executing endpoint 'InventoryHub.API.Controllers.SuppliersController.GetAll (InventoryHub.API)'
2026-04-05 17:34:04.379 +09:00 [INF] Route matched with {action = "GetCategories", controller = "Categories"}. Executing controller action with signature System.Threading.Tasks.Task`1[Microsoft.AspNetCore.Mvc.ActionResult`1[System.Collections.Generic.IEnumerable`1[InventoryHub.API.DTOs.CategoryDto]]] GetCategories() on controller InventoryHub.API.Controllers.CategoriesController (InventoryHub.API).
2026-04-05 17:34:04.379 +09:00 [INF] Route matched with {action = "GetAll", controller = "Products"}. Executing controller action with signature System.Threading.Tasks.Task`1[Microsoft.AspNetCore.Mvc.ActionResult`1[System.Collections.Generic.IEnumerable`1[InventoryHub.API.DTOs.ProductDto]]] GetAll() on controller InventoryHub.API.Controllers.ProductsController (InventoryHub.API).
2026-04-05 17:34:04.379 +09:00 [INF] Route matched with {action = "GetAll", controller = "Suppliers"}. Executing controller action with signature System.Threading.Tasks.Task`1[Microsoft.AspNetCore.Mvc.ActionResult`1[System.Collections.Generic.IEnumerable`1[InventoryHub.API.DTOs.SupplierDto]]] GetAll() on controller InventoryHub.API.Controllers.SuppliersController (InventoryHub.API).
2026-04-05 17:34:04.531 +09:00 [INF] Executed DbCommand (23ms) [Parameters=[], CommandType='"Text"', CommandTimeout='30']
SELECT `s`.`id`, `s`.`created_at`, `s`.`is_deleted`, `s`.`name`, `s`.`updated_at`
FROM `suppliers` AS `s`
WHERE NOT (`s`.`is_deleted`)
ORDER BY `s`.`name`
2026-04-05 17:34:04.531 +09:00 [INF] Executing OkObjectResult, writing value of type 'System.Collections.Generic.List`1[[InventoryHub.API.DTOs.SupplierDto, InventoryHub.API, Version=1.0.0.0, Culture=neutral, PublicKeyToken=null]]'.
2026-04-05 17:34:04.532 +09:00 [INF] Executed action InventoryHub.API.Controllers.SuppliersController.GetAll (InventoryHub.API) in 151.4609ms
2026-04-05 17:34:04.532 +09:00 [INF] Executed endpoint 'InventoryHub.API.Controllers.SuppliersController.GetAll (InventoryHub.API)'
2026-04-05 17:34:04.533 +09:00 [INF] Request finished HTTP/1.1 GET http://localhost:5022/api/suppliers - 200 null application/json; charset=utf-8 164.7314ms
2026-04-05 17:34:04.533 +09:00 [INF] Executed DbCommand (1ms) [Parameters=[], CommandType='"Text"', CommandTimeout='30']
SELECT `c`.`id`, `c`.`created_at`, `c`.`is_deleted`, `c`.`name`, `c`.`updated_at`
FROM `categories` AS `c`
WHERE NOT (`c`.`is_deleted`)
ORDER BY `c`.`name`
2026-04-05 17:34:04.534 +09:00 [INF] Executing OkObjectResult, writing value of type 'System.Collections.Generic.List`1[[InventoryHub.API.DTOs.CategoryDto, InventoryHub.API, Version=1.0.0.0, Culture=neutral, PublicKeyToken=null]]'.
2026-04-05 17:34:04.534 +09:00 [INF] Executed action InventoryHub.API.Controllers.CategoriesController.GetCategories (InventoryHub.API) in 153.4495ms
2026-04-05 17:34:04.535 +09:00 [INF] Executed endpoint 'InventoryHub.API.Controllers.CategoriesController.GetCategories (InventoryHub.API)'
2026-04-05 17:34:04.535 +09:00 [INF] Request finished HTTP/1.1 GET http://localhost:5022/api/categories - 200 null application/json; charset=utf-8 167.2678ms
2026-04-05 17:34:04.580 +09:00 [INF] Executed DbCommand (49ms) [Parameters=[], CommandType='"Text"', CommandTimeout='30']
SELECT `p`.`id`, `p`.`category_id`, `p`.`created_at`, `p`.`is_deleted`, `p`.`name`, `p`.`updated_at`, `c`.`id`, `c`.`created_at`, `c`.`is_deleted`, `c`.`name`, `c`.`updated_at`
FROM `products` AS `p`
INNER JOIN `categories` AS `c` ON `p`.`category_id` = `c`.`id`
WHERE NOT (`p`.`is_deleted`)
ORDER BY `p`.`name`
2026-04-05 17:34:04.582 +09:00 [INF] Executing OkObjectResult, writing value of type 'System.Linq.Enumerable+ListSelectIterator`2[[InventoryHub.API.Models.Product, InventoryHub.API, Version=1.0.0.0, Culture=neutral, PublicKeyToken=null],[InventoryHub.API.DTOs.ProductDto, InventoryHub.API, Version=1.0.0.0, Culture=neutral, PublicKeyToken=null]]'.
2026-04-05 17:34:04.582 +09:00 [INF] Executed action InventoryHub.API.Controllers.ProductsController.GetAll (InventoryHub.API) in 201.9916ms
2026-04-05 17:34:04.582 +09:00 [INF] Executed endpoint 'InventoryHub.API.Controllers.ProductsController.GetAll (InventoryHub.API)'
2026-04-05 17:34:04.582 +09:00 [INF] Request finished HTTP/1.1 GET http://localhost:5022/api/products - 200 null application/json; charset=utf-8 213.8432ms
2026-04-05 17:39:26.870 +09:00 [INF] Request starting HTTP/1.1 GET http://localhost:5022/api/categories - null null
2026-04-05 17:39:26.870 +09:00 [INF] Request starting HTTP/1.1 GET http://localhost:5022/api/products - null null
2026-04-05 17:39:26.870 +09:00 [INF] Request starting HTTP/1.1 GET http://localhost:5022/api/suppliers - null null
2026-04-05 17:39:26.892 +09:00 [INF] CORS policy execution successful.
2026-04-05 17:39:26.892 +09:00 [INF] CORS policy execution successful.
2026-04-05 17:39:26.892 +09:00 [INF] CORS policy execution successful.
2026-04-05 17:39:26.898 +09:00 [INF] Executing endpoint 'InventoryHub.API.Controllers.SuppliersController.GetAll (InventoryHub.API)'
2026-04-05 17:39:26.898 +09:00 [INF] Executing endpoint 'InventoryHub.API.Controllers.ProductsController.GetAll (InventoryHub.API)'
2026-04-05 17:39:26.898 +09:00 [INF] Executing endpoint 'InventoryHub.API.Controllers.CategoriesController.GetCategories (InventoryHub.API)'
2026-04-05 17:39:26.901 +09:00 [INF] Route matched with {action = "GetAll", controller = "Products"}. Executing controller action with signature System.Threading.Tasks.Task`1[Microsoft.AspNetCore.Mvc.ActionResult`1[System.Collections.Generic.IEnumerable`1[InventoryHub.API.DTOs.ProductDto]]] GetAll() on controller InventoryHub.API.Controllers.ProductsController (InventoryHub.API).
2026-04-05 17:39:26.901 +09:00 [INF] Route matched with {action = "GetCategories", controller = "Categories"}. Executing controller action with signature System.Threading.Tasks.Task`1[Microsoft.AspNetCore.Mvc.ActionResult`1[System.Collections.Generic.IEnumerable`1[InventoryHub.API.DTOs.CategoryDto]]] GetCategories() on controller InventoryHub.API.Controllers.CategoriesController (InventoryHub.API).
2026-04-05 17:39:26.901 +09:00 [INF] Route matched with {action = "GetAll", controller = "Suppliers"}. Executing controller action with signature System.Threading.Tasks.Task`1[Microsoft.AspNetCore.Mvc.ActionResult`1[System.Collections.Generic.IEnumerable`1[InventoryHub.API.DTOs.SupplierDto]]] GetAll() on controller InventoryHub.API.Controllers.SuppliersController (InventoryHub.API).
2026-04-05 17:39:27.859 +09:00 [INF] Executed DbCommand (121ms) [Parameters=[], CommandType='"Text"', CommandTimeout='30']
SELECT `s`.`id`, `s`.`created_at`, `s`.`is_deleted`, `s`.`name`, `s`.`updated_at`
FROM `suppliers` AS `s`
WHERE NOT (`s`.`is_deleted`)
ORDER BY `s`.`name`
2026-04-05 17:39:27.859 +09:00 [INF] Executed DbCommand (121ms) [Parameters=[], CommandType='"Text"', CommandTimeout='30']
SELECT `p`.`id`, `p`.`category_id`, `p`.`created_at`, `p`.`is_deleted`, `p`.`name`, `p`.`updated_at`, `c`.`id`, `c`.`created_at`, `c`.`is_deleted`, `c`.`name`, `c`.`updated_at`
FROM `products` AS `p`
INNER JOIN `categories` AS `c` ON `p`.`category_id` = `c`.`id`
WHERE NOT (`p`.`is_deleted`)
ORDER BY `p`.`name`
2026-04-05 17:39:27.859 +09:00 [INF] Executed DbCommand (114ms) [Parameters=[], CommandType='"Text"', CommandTimeout='30']
SELECT `c`.`id`, `c`.`created_at`, `c`.`is_deleted`, `c`.`name`, `c`.`updated_at`
FROM `categories` AS `c`
WHERE NOT (`c`.`is_deleted`)
ORDER BY `c`.`name`
2026-04-05 17:39:27.863 +09:00 [INF] Executing OkObjectResult, writing value of type 'System.Collections.Generic.List`1[[InventoryHub.API.DTOs.SupplierDto, InventoryHub.API, Version=1.0.0.0, Culture=neutral, PublicKeyToken=null]]'.
2026-04-05 17:39:27.863 +09:00 [INF] Executing OkObjectResult, writing value of type 'System.Collections.Generic.List`1[[InventoryHub.API.DTOs.CategoryDto, InventoryHub.API, Version=1.0.0.0, Culture=neutral, PublicKeyToken=null]]'.
2026-04-05 17:39:27.863 +09:00 [INF] Executed action InventoryHub.API.Controllers.SuppliersController.GetAll (InventoryHub.API) in 961.0194ms
2026-04-05 17:39:27.864 +09:00 [INF] Executed endpoint 'InventoryHub.API.Controllers.SuppliersController.GetAll (InventoryHub.API)'
2026-04-05 17:39:27.864 +09:00 [INF] Request finished HTTP/1.1 GET http://localhost:5022/api/suppliers - 200 null application/json; charset=utf-8 997.0853ms
2026-04-05 17:39:27.864 +09:00 [INF] Executed action InventoryHub.API.Controllers.CategoriesController.GetCategories (InventoryHub.API) in 961.622ms
2026-04-05 17:39:27.864 +09:00 [INF] Executed endpoint 'InventoryHub.API.Controllers.CategoriesController.GetCategories (InventoryHub.API)'
2026-04-05 17:39:27.864 +09:00 [INF] Request finished HTTP/1.1 GET http://localhost:5022/api/categories - 200 null application/json; charset=utf-8 997.6421ms
2026-04-05 17:39:27.866 +09:00 [INF] Executing OkObjectResult, writing value of type 'System.Linq.Enumerable+ListSelectIterator`2[[InventoryHub.API.Models.Product, InventoryHub.API, Version=1.0.0.0, Culture=neutral, PublicKeyToken=null],[InventoryHub.API.DTOs.ProductDto, InventoryHub.API, Version=1.0.0.0, Culture=neutral, PublicKeyToken=null]]'.
2026-04-05 17:39:27.867 +09:00 [INF] Executed action InventoryHub.API.Controllers.ProductsController.GetAll (InventoryHub.API) in 964.4822ms
2026-04-05 17:39:27.867 +09:00 [INF] Executed endpoint 'InventoryHub.API.Controllers.ProductsController.GetAll (InventoryHub.API)'
2026-04-05 17:39:27.868 +09:00 [INF] Request finished HTTP/1.1 GET http://localhost:5022/api/products - 200 null application/json; charset=utf-8 1001.0563ms
2026-04-05 17:39:39.656 +09:00 [INF] Request starting HTTP/1.1 GET http://localhost:5022/api/suppliers - null null
2026-04-05 17:39:39.656 +09:00 [INF] Request starting HTTP/1.1 GET http://localhost:5022/api/categories - null null
2026-04-05 17:39:39.657 +09:00 [INF] Request starting HTTP/1.1 GET http://localhost:5022/api/products - null null
2026-04-05 17:39:39.657 +09:00 [INF] CORS policy execution successful.
2026-04-05 17:39:39.657 +09:00 [INF] CORS policy execution successful.
2026-04-05 17:39:39.657 +09:00 [INF] CORS policy execution successful.
2026-04-05 17:39:39.657 +09:00 [INF] Executing endpoint 'InventoryHub.API.Controllers.SuppliersController.GetAll (InventoryHub.API)'
2026-04-05 17:39:39.657 +09:00 [INF] Executing endpoint 'InventoryHub.API.Controllers.ProductsController.GetAll (InventoryHub.API)'
2026-04-05 17:39:39.657 +09:00 [INF] Executing endpoint 'InventoryHub.API.Controllers.CategoriesController.GetCategories (InventoryHub.API)'
2026-04-05 17:39:39.658 +09:00 [INF] Route matched with {action = "GetAll", controller = "Products"}. Executing controller action with signature System.Threading.Tasks.Task`1[Microsoft.AspNetCore.Mvc.ActionResult`1[System.Collections.Generic.IEnumerable`1[InventoryHub.API.DTOs.ProductDto]]] GetAll() on controller InventoryHub.API.Controllers.ProductsController (InventoryHub.API).
2026-04-05 17:39:39.658 +09:00 [INF] Route matched with {action = "GetCategories", controller = "Categories"}. Executing controller action with signature System.Threading.Tasks.Task`1[Microsoft.AspNetCore.Mvc.ActionResult`1[System.Collections.Generic.IEnumerable`1[InventoryHub.API.DTOs.CategoryDto]]] GetCategories() on controller InventoryHub.API.Controllers.CategoriesController (InventoryHub.API).
2026-04-05 17:39:39.658 +09:00 [INF] Route matched with {action = "GetAll", controller = "Suppliers"}. Executing controller action with signature System.Threading.Tasks.Task`1[Microsoft.AspNetCore.Mvc.ActionResult`1[System.Collections.Generic.IEnumerable`1[InventoryHub.API.DTOs.SupplierDto]]] GetAll() on controller InventoryHub.API.Controllers.SuppliersController (InventoryHub.API).
2026-04-05 17:39:39.689 +09:00 [INF] Executed DbCommand (1ms) [Parameters=[], CommandType='"Text"', CommandTimeout='30']
SELECT `c`.`id`, `c`.`created_at`, `c`.`is_deleted`, `c`.`name`, `c`.`updated_at`
FROM `categories` AS `c`
WHERE NOT (`c`.`is_deleted`)
ORDER BY `c`.`name`
2026-04-05 17:39:39.691 +09:00 [INF] Executing OkObjectResult, writing value of type 'System.Collections.Generic.List`1[[InventoryHub.API.DTOs.CategoryDto, InventoryHub.API, Version=1.0.0.0, Culture=neutral, PublicKeyToken=null]]'.
2026-04-05 17:39:39.691 +09:00 [INF] Executed action InventoryHub.API.Controllers.CategoriesController.GetCategories (InventoryHub.API) in 33.6801ms
2026-04-05 17:39:39.691 +09:00 [INF] Executed endpoint 'InventoryHub.API.Controllers.CategoriesController.GetCategories (InventoryHub.API)'
2026-04-05 17:39:39.692 +09:00 [INF] Request finished HTTP/1.1 GET http://localhost:5022/api/categories - 200 null application/json; charset=utf-8 35.31ms
2026-04-05 17:39:39.704 +09:00 [INF] Executed DbCommand (2ms) [Parameters=[], CommandType='"Text"', CommandTimeout='30']
SELECT `s`.`id`, `s`.`created_at`, `s`.`is_deleted`, `s`.`name`, `s`.`updated_at`
FROM `suppliers` AS `s`
WHERE NOT (`s`.`is_deleted`)
ORDER BY `s`.`name`
2026-04-05 17:39:39.705 +09:00 [INF] Executing OkObjectResult, writing value of type 'System.Collections.Generic.List`1[[InventoryHub.API.DTOs.SupplierDto, InventoryHub.API, Version=1.0.0.0, Culture=neutral, PublicKeyToken=null]]'.
2026-04-05 17:39:39.705 +09:00 [INF] Executed action InventoryHub.API.Controllers.SuppliersController.GetAll (InventoryHub.API) in 46.5733ms
2026-04-05 17:39:39.705 +09:00 [INF] Executed endpoint 'InventoryHub.API.Controllers.SuppliersController.GetAll (InventoryHub.API)'
2026-04-05 17:39:39.705 +09:00 [INF] Request finished HTTP/1.1 GET http://localhost:5022/api/suppliers - 200 null application/json; charset=utf-8 48.6825ms
2026-04-05 17:39:39.705 +09:00 [INF] Executed DbCommand (2ms) [Parameters=[], CommandType='"Text"', CommandTimeout='30']
SELECT `p`.`id`, `p`.`category_id`, `p`.`created_at`, `p`.`is_deleted`, `p`.`name`, `p`.`updated_at`, `c`.`id`, `c`.`created_at`, `c`.`is_deleted`, `c`.`name`, `c`.`updated_at`
FROM `products` AS `p`
INNER JOIN `categories` AS `c` ON `p`.`category_id` = `c`.`id`
WHERE NOT (`p`.`is_deleted`)
ORDER BY `p`.`name`
2026-04-05 17:39:39.706 +09:00 [INF] Executing OkObjectResult, writing value of type 'System.Linq.Enumerable+ListSelectIterator`2[[InventoryHub.API.Models.Product, InventoryHub.API, Version=1.0.0.0, Culture=neutral, PublicKeyToken=null],[InventoryHub.API.DTOs.ProductDto, InventoryHub.API, Version=1.0.0.0, Culture=neutral, PublicKeyToken=null]]'.
2026-04-05 17:39:39.707 +09:00 [INF] Executed action InventoryHub.API.Controllers.ProductsController.GetAll (InventoryHub.API) in 48.99ms
2026-04-05 17:39:39.707 +09:00 [INF] Executed endpoint 'InventoryHub.API.Controllers.ProductsController.GetAll (InventoryHub.API)'
2026-04-05 17:39:39.707 +09:00 [INF] Request finished HTTP/1.1 GET http://localhost:5022/api/products - 200 null application/json; charset=utf-8 50.2126ms
2026-04-05 17:39:50.886 +09:00 [INF] Request starting HTTP/1.1 GET http://localhost:5022/api/products - null null
2026-04-05 17:39:50.886 +09:00 [INF] Request starting HTTP/1.1 GET http://localhost:5022/api/suppliers - null null
2026-04-05 17:39:50.886 +09:00 [INF] Request starting HTTP/1.1 GET http://localhost:5022/api/categories - null null
2026-04-05 17:39:50.887 +09:00 [INF] CORS policy execution successful.
2026-04-05 17:39:50.887 +09:00 [INF] CORS policy execution successful.
2026-04-05 17:39:50.887 +09:00 [INF] CORS policy execution successful.
2026-04-05 17:39:50.888 +09:00 [INF] Executing endpoint 'InventoryHub.API.Controllers.ProductsController.GetAll (InventoryHub.API)'
2026-04-05 17:39:50.888 +09:00 [INF] Executing endpoint 'InventoryHub.API.Controllers.SuppliersController.GetAll (InventoryHub.API)'
2026-04-05 17:39:50.888 +09:00 [INF] Executing endpoint 'InventoryHub.API.Controllers.CategoriesController.GetCategories (InventoryHub.API)'
2026-04-05 17:39:50.888 +09:00 [INF] Route matched with {action = "GetCategories", controller = "Categories"}. Executing controller action with signature System.Threading.Tasks.Task`1[Microsoft.AspNetCore.Mvc.ActionResult`1[System.Collections.Generic.IEnumerable`1[InventoryHub.API.DTOs.CategoryDto]]] GetCategories() on controller InventoryHub.API.Controllers.CategoriesController (InventoryHub.API).
2026-04-05 17:39:50.888 +09:00 [INF] Route matched with {action = "GetAll", controller = "Products"}. Executing controller action with signature System.Threading.Tasks.Task`1[Microsoft.AspNetCore.Mvc.ActionResult`1[System.Collections.Generic.IEnumerable`1[InventoryHub.API.DTOs.ProductDto]]] GetAll() on controller InventoryHub.API.Controllers.ProductsController (InventoryHub.API).
2026-04-05 17:39:50.888 +09:00 [INF] Route matched with {action = "GetAll", controller = "Suppliers"}. Executing controller action with signature System.Threading.Tasks.Task`1[Microsoft.AspNetCore.Mvc.ActionResult`1[System.Collections.Generic.IEnumerable`1[InventoryHub.API.DTOs.SupplierDto]]] GetAll() on controller InventoryHub.API.Controllers.SuppliersController (InventoryHub.API).
2026-04-05 17:39:50.928 +09:00 [INF] Executed DbCommand (1ms) [Parameters=[], CommandType='"Text"', CommandTimeout='30']
SELECT `s`.`id`, `s`.`created_at`, `s`.`is_deleted`, `s`.`name`, `s`.`updated_at`
FROM `suppliers` AS `s`
WHERE NOT (`s`.`is_deleted`)
ORDER BY `s`.`name`
2026-04-05 17:39:50.928 +09:00 [INF] Executed DbCommand (1ms) [Parameters=[], CommandType='"Text"', CommandTimeout='30']
SELECT `c`.`id`, `c`.`created_at`, `c`.`is_deleted`, `c`.`name`, `c`.`updated_at`
FROM `categories` AS `c`
WHERE NOT (`c`.`is_deleted`)
ORDER BY `c`.`name`
2026-04-05 17:39:50.929 +09:00 [INF] Executing OkObjectResult, writing value of type 'System.Collections.Generic.List`1[[InventoryHub.API.DTOs.CategoryDto, InventoryHub.API, Version=1.0.0.0, Culture=neutral, PublicKeyToken=null]]'.
2026-04-05 17:39:50.929 +09:00 [INF] Executing OkObjectResult, writing value of type 'System.Collections.Generic.List`1[[InventoryHub.API.DTOs.SupplierDto, InventoryHub.API, Version=1.0.0.0, Culture=neutral, PublicKeyToken=null]]'.
2026-04-05 17:39:50.929 +09:00 [INF] Executed action InventoryHub.API.Controllers.SuppliersController.GetAll (InventoryHub.API) in 40.7274ms
2026-04-05 17:39:50.929 +09:00 [INF] Executed action InventoryHub.API.Controllers.CategoriesController.GetCategories (InventoryHub.API) in 41.1144ms
2026-04-05 17:39:50.930 +09:00 [INF] Executed endpoint 'InventoryHub.API.Controllers.SuppliersController.GetAll (InventoryHub.API)'
2026-04-05 17:39:50.930 +09:00 [INF] Executed endpoint 'InventoryHub.API.Controllers.CategoriesController.GetCategories (InventoryHub.API)'
2026-04-05 17:39:50.930 +09:00 [INF] Request finished HTTP/1.1 GET http://localhost:5022/api/categories - 200 null application/json; charset=utf-8 44.0355ms
2026-04-05 17:39:50.930 +09:00 [INF] Request finished HTTP/1.1 GET http://localhost:5022/api/suppliers - 200 null application/json; charset=utf-8 44.0257ms
2026-04-05 17:39:50.950 +09:00 [INF] Executed DbCommand (23ms) [Parameters=[], CommandType='"Text"', CommandTimeout='30']
SELECT `p`.`id`, `p`.`category_id`, `p`.`created_at`, `p`.`is_deleted`, `p`.`name`, `p`.`updated_at`, `c`.`id`, `c`.`created_at`, `c`.`is_deleted`, `c`.`name`, `c`.`updated_at`
FROM `products` AS `p`
INNER JOIN `categories` AS `c` ON `p`.`category_id` = `c`.`id`
WHERE NOT (`p`.`is_deleted`)
ORDER BY `p`.`name`
2026-04-05 17:39:50.952 +09:00 [INF] Executing OkObjectResult, writing value of type 'System.Linq.Enumerable+ListSelectIterator`2[[InventoryHub.API.Models.Product, InventoryHub.API, Version=1.0.0.0, Culture=neutral, PublicKeyToken=null],[InventoryHub.API.DTOs.ProductDto, InventoryHub.API, Version=1.0.0.0, Culture=neutral, PublicKeyToken=null]]'.
2026-04-05 17:39:50.952 +09:00 [INF] Executed action InventoryHub.API.Controllers.ProductsController.GetAll (InventoryHub.API) in 64.1811ms
2026-04-05 17:39:50.953 +09:00 [INF] Executed endpoint 'InventoryHub.API.Controllers.ProductsController.GetAll (InventoryHub.API)'
2026-04-05 17:39:50.953 +09:00 [INF] Request finished HTTP/1.1 GET http://localhost:5022/api/products - 200 null application/json; charset=utf-8 67.2748ms
2026-04-05 17:39:56.315 +09:00 [INF] Request starting HTTP/1.1 GET http://localhost:5022/api/products - null null
2026-04-05 17:39:56.315 +09:00 [INF] Request starting HTTP/1.1 GET http://localhost:5022/api/categories - null null
2026-04-05 17:39:56.315 +09:00 [INF] Request starting HTTP/1.1 GET http://localhost:5022/api/suppliers - null null
2026-04-05 17:39:56.317 +09:00 [INF] CORS policy execution successful.
2026-04-05 17:39:56.317 +09:00 [INF] CORS policy execution successful.
2026-04-05 17:39:56.317 +09:00 [INF] CORS policy execution successful.
2026-04-05 17:39:56.317 +09:00 [INF] Executing endpoint 'InventoryHub.API.Controllers.CategoriesController.GetCategories (InventoryHub.API)'
2026-04-05 17:39:56.317 +09:00 [INF] Executing endpoint 'InventoryHub.API.Controllers.SuppliersController.GetAll (InventoryHub.API)'
2026-04-05 17:39:56.317 +09:00 [INF] Executing endpoint 'InventoryHub.API.Controllers.ProductsController.GetAll (InventoryHub.API)'
2026-04-05 17:39:56.317 +09:00 [INF] Route matched with {action = "GetCategories", controller = "Categories"}. Executing controller action with signature System.Threading.Tasks.Task`1[Microsoft.AspNetCore.Mvc.ActionResult`1[System.Collections.Generic.IEnumerable`1[InventoryHub.API.DTOs.CategoryDto]]] GetCategories() on controller InventoryHub.API.Controllers.CategoriesController (InventoryHub.API).
2026-04-05 17:39:56.317 +09:00 [INF] Route matched with {action = "GetAll", controller = "Products"}. Executing controller action with signature System.Threading.Tasks.Task`1[Microsoft.AspNetCore.Mvc.ActionResult`1[System.Collections.Generic.IEnumerable`1[InventoryHub.API.DTOs.ProductDto]]] GetAll() on controller InventoryHub.API.Controllers.ProductsController (InventoryHub.API).
2026-04-05 17:39:56.317 +09:00 [INF] Route matched with {action = "GetAll", controller = "Suppliers"}. Executing controller action with signature System.Threading.Tasks.Task`1[Microsoft.AspNetCore.Mvc.ActionResult`1[System.Collections.Generic.IEnumerable`1[InventoryHub.API.DTOs.SupplierDto]]] GetAll() on controller InventoryHub.API.Controllers.SuppliersController (InventoryHub.API).
2026-04-05 17:39:56.386 +09:00 [INF] Executed DbCommand (5ms) [Parameters=[], CommandType='"Text"', CommandTimeout='30']
SELECT `c`.`id`, `c`.`created_at`, `c`.`is_deleted`, `c`.`name`, `c`.`updated_at`
FROM `categories` AS `c`
WHERE NOT (`c`.`is_deleted`)
ORDER BY `c`.`name`
2026-04-05 17:39:56.387 +09:00 [INF] Executed DbCommand (5ms) [Parameters=[], CommandType='"Text"', CommandTimeout='30']
SELECT `s`.`id`, `s`.`created_at`, `s`.`is_deleted`, `s`.`name`, `s`.`updated_at`
FROM `suppliers` AS `s`
WHERE NOT (`s`.`is_deleted`)
ORDER BY `s`.`name`
2026-04-05 17:39:56.389 +09:00 [INF] Executing OkObjectResult, writing value of type 'System.Collections.Generic.List`1[[InventoryHub.API.DTOs.CategoryDto, InventoryHub.API, Version=1.0.0.0, Culture=neutral, PublicKeyToken=null]]'.
2026-04-05 17:39:56.389 +09:00 [INF] Executing OkObjectResult, writing value of type 'System.Collections.Generic.List`1[[InventoryHub.API.DTOs.SupplierDto, InventoryHub.API, Version=1.0.0.0, Culture=neutral, PublicKeyToken=null]]'.
2026-04-05 17:39:56.389 +09:00 [INF] Executed action InventoryHub.API.Controllers.SuppliersController.GetAll (InventoryHub.API) in 71.4947ms
2026-04-05 17:39:56.389 +09:00 [INF] Executed action InventoryHub.API.Controllers.CategoriesController.GetCategories (InventoryHub.API) in 71.8396ms
2026-04-05 17:39:56.389 +09:00 [INF] Executed endpoint 'InventoryHub.API.Controllers.CategoriesController.GetCategories (InventoryHub.API)'
2026-04-05 17:39:56.389 +09:00 [INF] Request finished HTTP/1.1 GET http://localhost:5022/api/categories - 200 null application/json; charset=utf-8 74.6807ms
2026-04-05 17:39:56.389 +09:00 [INF] Executed endpoint 'InventoryHub.API.Controllers.SuppliersController.GetAll (InventoryHub.API)'
2026-04-05 17:39:56.390 +09:00 [INF] Request finished HTTP/1.1 GET http://localhost:5022/api/suppliers - 200 null application/json; charset=utf-8 74.7231ms
2026-04-05 17:39:56.394 +09:00 [INF] Executed DbCommand (9ms) [Parameters=[], CommandType='"Text"', CommandTimeout='30']
SELECT `p`.`id`, `p`.`category_id`, `p`.`created_at`, `p`.`is_deleted`, `p`.`name`, `p`.`updated_at`, `c`.`id`, `c`.`created_at`, `c`.`is_deleted`, `c`.`name`, `c`.`updated_at`
FROM `products` AS `p`
INNER JOIN `categories` AS `c` ON `p`.`category_id` = `c`.`id`
WHERE NOT (`p`.`is_deleted`)
ORDER BY `p`.`name`
2026-04-05 17:39:56.396 +09:00 [INF] Executing OkObjectResult, writing value of type 'System.Linq.Enumerable+ListSelectIterator`2[[InventoryHub.API.Models.Product, InventoryHub.API, Version=1.0.0.0, Culture=neutral, PublicKeyToken=null],[InventoryHub.API.DTOs.ProductDto, InventoryHub.API, Version=1.0.0.0, Culture=neutral, PublicKeyToken=null]]'.
2026-04-05 17:39:56.396 +09:00 [INF] Executed action InventoryHub.API.Controllers.ProductsController.GetAll (InventoryHub.API) in 78.4218ms
2026-04-05 17:39:56.396 +09:00 [INF] Executed endpoint 'InventoryHub.API.Controllers.ProductsController.GetAll (InventoryHub.API)'
2026-04-05 17:39:56.396 +09:00 [INF] Request finished HTTP/1.1 GET http://localhost:5022/api/products - 200 null application/json; charset=utf-8 81.5341ms
2026-04-05 17:41:07.292 +09:00 [INF] Request starting HTTP/1.1 OPTIONS http://localhost:5022/api/products - null null
2026-04-05 17:41:07.297 +09:00 [INF] CORS policy execution successful.
2026-04-05 17:41:07.321 +09:00 [INF] Request finished HTTP/1.1 OPTIONS http://localhost:5022/api/products - 204 null null 29.6672ms
2026-04-05 17:41:07.326 +09:00 [INF] Request starting HTTP/1.1 POST http://localhost:5022/api/products - application/json 112
2026-04-05 17:41:07.328 +09:00 [INF] CORS policy execution successful.
2026-04-05 17:41:07.328 +09:00 [INF] Executing endpoint 'InventoryHub.API.Controllers.ProductsController.Create (InventoryHub.API)'
2026-04-05 17:41:07.330 +09:00 [INF] Route matched with {action = "Create", controller = "Products"}. Executing controller action with signature System.Threading.Tasks.Task`1[Microsoft.AspNetCore.Mvc.ActionResult`1[InventoryHub.API.DTOs.ProductDto]] Create(InventoryHub.API.DTOs.CreateProductDto) on controller InventoryHub.API.Controllers.ProductsController (InventoryHub.API).
2026-04-05 17:41:07.482 +09:00 [INF] Executed DbCommand (28ms) [Parameters=[@__dto_CategoryId_0='?' (DbType = Int32)], CommandType='"Text"', CommandTimeout='30']
SELECT EXISTS (
    SELECT 1
    FROM `categories` AS `c`
    WHERE (`c`.`id` = @__dto_CategoryId_0) AND NOT (`c`.`is_deleted`))
2026-04-05 17:41:07.495 +09:00 [INF] Executed DbCommand (4ms) [Parameters=[@__dto_Name_0='?' (Size = 200)], CommandType='"Text"', CommandTimeout='30']
SELECT EXISTS (
    SELECT 1
    FROM `products` AS `p`
    WHERE (`p`.`name` = @__dto_Name_0) AND NOT (`p`.`is_deleted`))
2026-04-05 17:41:07.501 +09:00 [INF] Executing BadRequestObjectResult, writing value of type 'System.String'.
2026-04-05 17:41:07.504 +09:00 [INF] Executed action InventoryHub.API.Controllers.ProductsController.Create (InventoryHub.API) in 174.5092ms
2026-04-05 17:41:07.505 +09:00 [INF] Executed endpoint 'InventoryHub.API.Controllers.ProductsController.Create (InventoryHub.API)'
2026-04-05 17:41:07.505 +09:00 [INF] Request finished HTTP/1.1 POST http://localhost:5022/api/products - 400 null text/plain; charset=utf-8 178.5644ms
2026-04-05 17:41:08.678 +09:00 [INF] Request starting HTTP/1.1 POST http://localhost:5022/api/products - application/json 112
2026-04-05 17:41:08.679 +09:00 [INF] CORS policy execution successful.
2026-04-05 17:41:08.679 +09:00 [INF] Executing endpoint 'InventoryHub.API.Controllers.ProductsController.Create (InventoryHub.API)'
2026-04-05 17:41:08.679 +09:00 [INF] Route matched with {action = "Create", controller = "Products"}. Executing controller action with signature System.Threading.Tasks.Task`1[Microsoft.AspNetCore.Mvc.ActionResult`1[InventoryHub.API.DTOs.ProductDto]] Create(InventoryHub.API.DTOs.CreateProductDto) on controller InventoryHub.API.Controllers.ProductsController (InventoryHub.API).
2026-04-05 17:41:08.704 +09:00 [INF] Executed DbCommand (0ms) [Parameters=[@__dto_CategoryId_0='?' (DbType = Int32)], CommandType='"Text"', CommandTimeout='30']
SELECT EXISTS (
    SELECT 1
    FROM `categories` AS `c`
    WHERE (`c`.`id` = @__dto_CategoryId_0) AND NOT (`c`.`is_deleted`))
2026-04-05 17:41:08.705 +09:00 [INF] Executed DbCommand (0ms) [Parameters=[@__dto_Name_0='?' (Size = 200)], CommandType='"Text"', CommandTimeout='30']
SELECT EXISTS (
    SELECT 1
    FROM `products` AS `p`
    WHERE (`p`.`name` = @__dto_Name_0) AND NOT (`p`.`is_deleted`))
2026-04-05 17:41:08.706 +09:00 [INF] Executing BadRequestObjectResult, writing value of type 'System.String'.
2026-04-05 17:41:08.706 +09:00 [INF] Executed action InventoryHub.API.Controllers.ProductsController.Create (InventoryHub.API) in 27.2491ms
2026-04-05 17:41:08.706 +09:00 [INF] Executed endpoint 'InventoryHub.API.Controllers.ProductsController.Create (InventoryHub.API)'
2026-04-05 17:41:08.706 +09:00 [INF] Request finished HTTP/1.1 POST http://localhost:5022/api/products - 400 null text/plain; charset=utf-8 28.409ms
